timestamp,speed_hall,speed_gps,latitude,longitude,gps_valid,accel_x,accel_y,accel_z,gyro_x,gyro_y,gyro_z,obstacle_distance,deterministic_alert,sensor_valid
0,40.56,39.61,12.971555,77.594545,True,0.142,0.106,9.957,-0.826,-0.156,-0.94,121.86,0,True
100,40.02,39.07,12.97154,77.59463,True,0.027,-0.168,9.836,0.619,-0.987,0.612,169.81,0,True
200,39.36,38.67,12.971691,77.594567,True,-0.244,-0.242,9.939,0.207,0.614,0.459,153.62,0,True
300,41.89,41.65,12.97161,77.594666,True,0.071,0.217,9.831,0.409,-0.908,-0.544,128.94,0,True
400,38.32,37.78,12.97152,77.594556,True,0.081,-0.081,9.748,-0.581,-0.466,0.873,164.8,0,True
500,40.44,39.78,12.971646,77.594533,True,-0.072,0.294,9.856,0.114,0.369,0.686,177.6,0,True
600,38.92,37.98,12.971563,77.594554,True,-0.173,0.266,9.951,-0.371,0.311,-0.209,191.45,0,True
700,39.84,39.37,12.971549,77.594612,True,-0.142,0.051,9.959,-0.201,-0.561,0.995,150.95,0,True
800,38.36,37.46,12.971522,77.594625,True,0.175,-0.047,9.625,-0.237,0.992,0.058,197.11,0,True
900,41.44,40.47,12.971644,77.594636,True,0.022,-0.14,9.856,-0.777,-0.13,-0.093,195.38,0,True
1000,41.5,41.03,12.9716,77.594536,True,0.248,0.222,9.719,0.278,0.218,-0.694,176.25,0,True
1100,40.16,40.71,12.971606,77.5945,True,-0.106,-0.288,9.972,0.757,0.663,-0.385,105.79,0,True
1200,41.51,42.41,12.971517,77.594597,True,-0.258,0.156,9.906,-0.743,-0.049,0.1,126.51,0,True
1300,41.49,41.34,12.971542,77.594608,True,0.138,-0.179,9.725,0.99,0.3,-0.124,151.76,0,True
1400,38.48,37.93,12.971568,77.594618,True,-0.162,-0.168,9.628,0.262,-0.542,0.811,185.96,0,True
1500,38.28,37.76,12.971634,77.594543,True,-0.221,0.261,9.828,-0.055,0.569,0.615,119.04,0,True
1600,38.39,38.25,12.971585,77.594593,True,0.137,0.104,9.994,-0.803,-0.195,-0.321,186.17,0,True
1700,38.99,38.38,12.97159,77.594584,True,-0.133,-0.15,9.969,-0.114,0.723,0.101,105.06,0,True
1800,42.0,42.67,12.971694,77.594685,True,0.209,-0.2,9.794,-0.573,-0.198,-0.883,137.9,0,True
1900,41.94,41.47,12.971657,77.594591,True,-0.046,0.274,9.998,0.112,0.437,-0.69,129.67,0,True
2000,41.87,42.03,12.971608,77.59465,True,-0.266,0.051,9.801,0.705,-0.685,0.922,108.01,0,True
2100,38.74,38.93,12.971635,77.594547,True,-0.228,0.234,9.698,0.189,0.239,-0.162,158.37,0,True
2200,40.09,40.96,12.971541,77.594643,True,-0.157,-0.063,9.869,-0.4,-0.368,0.504,107.25,0,True
2300,39.83,40.83,12.971699,77.594515,True,-0.172,-0.141,9.973,0.762,0.759,-0.261,115.77,0,True
2400,41.33,41.74,12.971622,77.594697,True,0.092,-0.295,9.927,-0.401,0.327,0.878,113.43,0,True
2500,38.46,37.68,12.971611,77.594554,True,0.063,0.131,9.681,0.268,-0.472,-0.023,190.53,0,True
2600,41.38,40.57,12.971585,77.594555,True,-0.298,0.163,9.855,-0.476,0.482,0.103,142.77,0,True
2700,38.04,37.19,12.971677,77.594681,True,0.027,0.201,9.833,-0.704,-0.745,-0.383,189.9,0,True
2800,41.18,41.91,12.97168,77.594542,True,-0.15,-0.238,9.912,0.768,-0.187,0.241,115.46,0,True
2900,41.72,42.45,12.971695,77.594662,True,0.229,-0.285,9.895,-0.336,0.862,0.604,186.41,0,True
3000,41.24,40.78,12.971657,77.594522,True,0.223,0.215,9.689,0.633,-0.079,-0.39,179.53,0,True
3100,38.91,37.96,12.971539,77.594566,True,0.219,0.28,9.712,0.283,-0.201,0.962,153.62,0,True
3200,41.76,40.99,12.971694,77.594536,True,0.278,-0.141,9.643,-0.131,0.457,-0.373,160.62,0,True
3300,40.05,39.82,12.971615,77.594551,True,0.125,-0.299,9.97,0.077,0.439,0.484,167.06,0,True
3400,39.46,38.6,12.971633,77.594566,True,-0.112,0.209,9.888,-0.399,-0.381,-0.183,140.24,0,True
3500,39.18,38.44,12.971584,77.594688,True,0.106,0.242,9.846,-0.398,0.096,-0.999,128.69,0,True
3600,39.72,39.88,12.971631,77.594593,True,-0.035,-0.172,9.789,0.802,0.592,-0.661,108.48,0,True
3700,40.06,40.33,12.971567,77.594664,True,0.151,0.104,9.69,-0.602,-0.951,-0.51,147.51,0,True
3800,41.4,40.54,12.971583,77.594626,True,-0.183,0.118,9.798,-0.512,0.312,-0.989,175.1,0,True
3900,41.08,40.29,12.971585,77.594535,True,0.275,0.011,9.62,-0.502,0.697,-0.087,180.14,0,True
4000,40.67,41.65,12.971619,77.59469,True,0.235,0.068,9.888,0.01,0.661,0.096,189.72,0,True
4100,40.97,40.92,12.971552,77.594549,True,0.083,0.159,9.809,0.253,-0.451,-0.845,128.57,0,True
4200,39.09,38.73,12.971608,77.594528,True,-0.161,0.116,9.883,-0.872,-0.185,0.085,141.58,0,True
4300,38.83,38.67,12.971681,77.594617,True,0.117,0.214,9.906,-0.239,-0.988,-0.296,175.35,0,True
4400,41.41,42.32,12.971584,77.59465,True,0.028,0.062,9.688,-0.561,-0.128,-0.942,133.61,0,True
4500,40.72,40.53,12.971533,77.594593,True,-0.223,0.073,9.611,-0.212,0.129,-0.946,164.27,0,True
4600,38.54,38.47,12.97151,77.594576,True,-0.173,-0.104,9.904,-0.242,0.504,0.664,125.23,0,True
4700,38.33,37.37,12.971608,77.5947,True,-0.09,0.09,9.912,0.304,0.508,0.899,119.94,0,True
4800,38.08,37.39,12.971525,77.594634,True,0.038,-0.169,9.88,0.534,-0.664,0.214,174.79,0,True
4900,38.46,39.1,12.971693,77.594522,True,-0.285,-0.113,9.871,0.916,-0.207,0.43,107.6,0,True
5000,40.76,41.02,12.97152,77.594654,True,0.21,0.06,9.648,0.968,0.565,-0.306,142.84,0,True
5100,39.48,39.49,12.971568,77.59467,True,0.193,-0.237,9.984,0.271,0.657,0.415,143.55,0,True
5200,40.94,41.87,12.971554,77.594662,True,0.023,-0.01,9.774,0.462,-0.463,0.703,183.07,0,True
5300,38.35,39.11,12.971549,77.594593,True,0.066,-0.073,9.611,0.702,-0.636,-0.576,179.78,0,True
5400,39.36,40.12,12.97164,77.594555,True,-0.294,0.269,9.634,0.44,-0.023,0.516,169.06,0,True
5500,40.58,40.57,12.971659,77.594519,True,-0.167,0.115,9.722,0.163,-0.053,0.062,142.55,0,True
5600,40.98,40.65,12.971641,77.594554,True,-0.149,-0.228,9.677,-0.761,0.072,0.524,118.51,0,True
5700,38.87,38.83,12.971645,77.594695,True,0.015,-0.13,9.64,-0.612,-0.545,-0.641,101.41,0,True
5800,40.14,39.69,12.971695,77.594611,True,0.118,-0.224,9.947,-0.018,0.745,0.148,146.94,0,True
5900,39.76,39.13,12.97151,77.594688,True,-0.013,0.193,9.76,-0.852,0.259,-0.893,114.92,0,True
6000,40.25,39.86,12.971699,77.594524,True,0.159,0.064,9.916,-0.549,0.045,-0.099,144.27,0,True
6100,41.44,42.42,12.971561,77.594624,True,0.066,0.144,9.979,-0.584,-0.578,0.321,115.71,0,True
6200,38.7,37.85,12.971501,77.59459,True,0.056,-0.125,9.693,0.414,0.406,-0.092,168.74,0,True
6300,41.7,42.27,12.971625,77.594632,True,0.26,-0.045,9.818,0.295,0.817,0.653,107.14,0,True
6400,38.66,38.28,12.97165,77.594614,True,-0.127,-0.225,9.875,0.399,0.885,0.001,149.38,0,True
6500,38.32,37.4,12.971586,77.594564,True,-0.15,-0.245,9.985,0.672,0.15,0.902,199.96,0,True
6600,40.69,40.23,12.971508,77.594651,True,-0.018,0.091,9.966,-0.637,0.171,0.27,149.17,0,True
6700,38.36,38.06,12.971567,77.594634,True,0.215,-0.102,9.877,-0.424,0.89,0.627,155.01,0,True
6800,39.82,39.45,12.971565,77.594694,True,-0.057,0.009,9.995,0.315,0.085,-0.174,118.76,0,True
6900,39.45,39.96,12.971625,77.594652,True,-0.178,0.03,9.971,-0.124,0.397,-0.757,197.31,0,True
7000,40.44,39.91,12.971532,77.59461,True,0.031,-0.244,9.997,0.826,-0.077,-0.765,183.21,0,True
7100,39.99,40.43,12.971602,77.594555,True,0.201,0.288,9.697,0.103,-0.233,0.844,150.82,0,True
7200,41.52,42.25,12.971555,77.594658,True,-0.051,0.261,9.803,0.641,-0.434,-0.403,158.69,0,True
7300,42.0,41.97,12.97153,77.594608,True,-0.093,0.031,9.817,-0.089,-0.356,-0.623,169.75,0,True
7400,40.29,39.75,12.971655,77.594509,True,0.147,0.123,9.925,-0.228,0.327,0.641,198.08,0,True
7500,39.98,39.06,12.9716,77.594618,True,0.222,0.225,9.776,0.052,-0.086,0.445,141.0,0,True
7600,40.62,39.93,12.971594,77.594694,True,-0.097,0.116,9.86,0.704,0.705,0.719,138.0,0,True
7700,39.27,39.7,12.971652,77.594674,True,-0.278,-0.259,9.852,0.842,0.995,0.494,143.4,0,True
7800,38.39,38.66,12.971675,77.594589,True,0.116,0.242,9.618,0.592,-0.413,-0.25,114.56,0,True
7900,40.12,40.26,12.971659,77.594534,True,-0.253,0.223,9.848,-0.518,0.826,-0.714,146.11,0,True
8000,39.02,38.53,12.971502,77.594661,True,0.241,0.107,9.663,-0.117,-0.309,0.175,163.89,0,True
8100,39.7,39.2,12.971669,77.59454,True,-0.069,-0.01,9.695,0.144,0.15,0.985,129.52,0,True
8200,41.91,42.23,12.971555,77.594613,True,0.111,0.147,9.62,0.213,-0.007,0.808,128.62,0,True
8300,41.2,41.41,12.97157,77.594627,True,0.073,0.107,9.888,0.318,0.677,0.256,190.34,0,True
8400,40.59,40.2,12.971588,77.594616,True,0.139,-0.246,9.718,0.495,-0.649,-0.736,153.94,0,True
8500,41.89,41.95,12.971683,77.594666,True,-0.146,0.195,9.793,0.613,0.493,-0.323,111.52,0,True
8600,41.85,41.13,12.971693,77.594672,True,0.135,0.288,9.987,0.609,-0.268,0.581,101.39,0,True
8700,40.15,40.06,12.971635,77.594634,True,0.051,0.193,9.976,-0.783,-0.532,-0.95,188.42,0,True
8800,40.25,41.08,12.971544,77.594513,True,0.194,0.246,9.721,-0.183,-0.72,0.893,130.44,0,True
8900,39.97,39.16,12.971677,77.594527,True,-0.028,0.102,9.897,0.892,-0.162,0.485,115.45,0,True
9000,39.66,38.86,12.971598,77.594582,True,0.271,-0.28,9.748,-0.113,0.901,0.711,109.94,0,True
9100,40.74,40.83,12.971696,77.594572,True,-0.061,-0.186,9.649,0.696,-0.091,0.326,164.17,0,True
9200,40.39,39.43,12.971657,77.594549,True,-0.224,0.039,9.627,0.53,-0.586,-0.568,186.97,0,True
9300,39.31,38.61,12.97168,77.594501,True,0.215,-0.213,9.652,-0.499,-0.651,0.322,102.58,0,True
9400,38.06,38.64,12.971548,77.594565,True,-0.195,-0.269,9.897,0.052,0.491,-0.048,177.8,0,True
9500,40.05,39.27,12.971601,77.594689,True,-0.274,0.17,9.947,0.043,-0.084,0.928,106.08,0,True
9600,39.92,39.72,12.971637,77.594598,True,0.246,-0.256,9.632,0.217,-0.869,-0.45,163.31,0,True
9700,40.19,39.84,12.971699,77.594606,True,-0.028,0.063,9.64,0.404,0.706,0.302,176.9,0,True
9800,40.88,40.31,12.97159,77.594546,True,-0.097,-0.028,9.766,-0.81,-0.146,0.33,137.43,0,True
9900,38.61,39.46,12.971513,77.594666,True,-0.244,-0.242,9.896,0.624,0.113,0.173,156.16,0,True
10000,39.32,38.56,12.971571,77.594633,True,0.15,0.221,9.888,0.937,0.201,-0.297,157.79,0,True
10100,38.85,39.16,12.971545,77.594522,True,0.207,-0.079,9.905,0.148,0.614,0.69,197.45,0,True
10200,41.27,41.5,12.971629,77.594505,True,0.257,0.198,9.707,-0.639,0.405,-0.382,133.98,0,True
10300,38.02,38.76,12.971613,77.59458,True,-0.215,0.08,9.612,0.492,-0.57,-0.16,134.09,0,True
10400,39.48,39.92,12.971655,77.594614,True,-0.249,-0.268,9.663,0.236,0.348,-0.456,166.19,0,True
10500,39.94,39.83,12.971555,77.594651,True,-0.232,-0.042,9.713,0.357,-0.027,0.334,104.54,0,True
10600,39.58,39.78,12.971502,77.59456,True,-0.173,-0.218,9.702,-0.344,-0.985,0.494,117.57,0,True
10700,39.52,39.93,12.9716,77.594667,True,0.184,-0.257,9.945,-0.915,-0.963,0.842,186.21,0,True
10800,40.3,40.45,12.971642,77.594584,True,-0.231,-0.287,9.73,0.603,0.236,0.664,191.98,0,True
10900,38.35,39.04,12.971549,77.594618,True,0.014,-0.063,9.724,-0.321,-0.334,-0.664,151.05,0,True
11000,38.46,38.48,12.971681,77.59457,True,0.136,0.191,9.926,-0.527,-0.707,-0.605,160.24,0,True
11100,41.04,41.35,12.971535,77.594655,True,-0.004,0.153,9.904,-0.102,0.848,0.129,163.53,0,True
11200,40.5,41.23,12.971625,77.59453,True,-0.259,-0.035,9.721,-0.451,-0.888,0.015,131.04,0,True
11300,39.81,38.92,12.971666,77.594515,True,0.219,0.213,9.846,0.014,-0.075,0.109,179.18,0,True
11400,41.58,41.48,12.971662,77.59463,True,-0.107,-0.015,9.66,-0.876,-0.793,0.798,134.34,0,True
11500,40.86,40.87,12.971535,77.59455,True,-0.037,-0.036,9.809,-0.683,-0.254,-0.434,140.88,0,True
11600,39.35,39.55,12.971658,77.594629,True,-0.26,-0.243,9.871,-0.432,0.447,0.313,190.63,0,True
11700,41.49,41.16,12.971617,77.594528,True,-0.09,0.281,9.879,-0.216,0.19,0.876,130.96,0,True
11800,39.51,40.09,12.971663,77.594634,True,0.197,0.143,9.874,0.053,0.292,-0.153,136.18,0,True
11900,39.45,38.81,12.971543,77.59469,True,-0.008,-0.164,9.655,-0.846,0.689,-0.798,177.09,0,True
12000,41.34,42.11,12.971508,77.594567,True,0.16,-0.221,9.751,-0.676,0.663,0.542,180.9,0,True
12100,38.66,38.54,12.971582,77.594635,True,-0.157,-0.033,9.714,0.497,-0.102,0.068,130.95,0,True
12200,41.23,41.17,12.971667,77.594574,True,0.268,0.291,9.785,-0.436,-0.236,0.055,196.63,0,True
12300,41.27,41.87,12.971528,77.59455,True,0.085,0.224,9.822,-0.795,0.692,0.702,128.51,0,True
12400,41.05,40.6,12.971681,77.594529,True,-0.038,0.268,9.689,-0.098,-0.301,-0.947,105.33,0,True
12500,40.01,39.48,12.971699,77.594575,True,-0.283,0.258,9.936,0.3,0.583,-0.725,128.69,0,True
12600,41.32,41.71,12.971528,77.594641,True,-0.031,-0.297,9.632,-0.488,0.67,0.098,172.72,0,True
12700,40.11,39.33,12.971558,77.59456,True,-0.271,-0.048,9.918,-0.086,-0.778,0.81,159.67,0,True
12800,38.07,38.1,12.971548,77.594529,True,-0.042,0.069,9.696,-0.167,0.329,-0.829,197.47,0,True
12900,38.27,38.32,12.971601,77.594698,True,0.032,-0.066,9.788,0.271,0.962,-0.493,101.62,0,True
13000,41.15,40.84,12.971647,77.594626,True,0.163,0.141,9.733,-0.911,0.092,0.627,117.51,0,True
13100,41.12,41.05,12.971639,77.594626,True,0.187,-0.262,9.91,-0.085,-0.413,-0.912,119.95,0,True
13200,38.17,39.03,12.971603,77.594698,True,0.026,-0.148,9.901,-0.618,-0.286,0.562,186.58,0,True
13300,39.33,38.58,12.971574,77.594678,True,0.146,0.237,9.755,0.947,-0.008,-0.005,192.43,0,True
13400,40.08,40.68,12.971645,77.594516,True,0.061,0.193,9.818,-0.358,-0.84,0.322,130.65,0,True
13500,40.41,40.26,12.971638,77.59457,True,-0.275,0.222,9.741,0.996,-0.451,0.96,194.79,0,True
13600,38.3,38.58,12.971573,77.59466,True,0.108,0.272,9.657,0.215,0.563,-0.93,106.72,0,True
13700,41.11,40.85,12.971577,77.594613,True,0.063,0.107,9.98,-0.256,0.526,0.148,152.95,0,True
13800,39.59,39.89,12.97155,77.594523,True,0.141,-0.001,9.755,0.123,-0.476,-0.479,144.63,0,True
13900,41.99,41.56,12.971683,77.594598,True,-0.226,0.212,9.781,0.797,-0.11,-0.824,168.19,0,True
14000,41.38,41.02,12.971569,77.594513,True,0.025,0.235,9.941,0.424,0.855,0.275,179.37,0,True
14100,40.04,39.28,12.97154,77.594528,True,0.174,-0.284,9.822,-0.262,0.607,0.103,161.19,0,True
14200,38.34,37.96,12.9717,77.594644,True,0.015,0.161,9.929,-0.852,0.945,0.285,145.0,0,True
14300,40.72,40.41,12.971676,77.594656,True,0.084,-0.191,9.987,-0.135,0.821,-0.889,112.42,0,True
14400,38.61,37.94,12.971565,77.594642,True,-0.092,0.265,9.958,0.692,-0.499,0.27,155.08,0,True
14500,38.5,38.11,12.971607,77.594601,True,-0.199,0.265,9.662,0.317,0.441,0.21,184.25,0,True
14600,40.25,40.9,12.971506,77.594509,True,0.085,0.046,9.86,0.534,-0.167,0.278,149.8,0,True
14700,40.51,40.09,12.971691,77.594597,True,0.183,0.111,9.719,-0.854,-0.88,-0.121,148.43,0,True
14800,38.82,39.03,12.971563,77.594644,True,0.141,0.216,9.99,-0.738,-0.259,0.123,131.91,0,True
14900,39.87,39.4,12.97155,77.594519,True,-0.126,-0.07,9.846,-0.503,0.731,-0.681,132.74,0,True
15000,40.31,39.94,12.971653,77.5946,True,0.009,-0.001,9.723,-0.954,0.89,0.011,196.67,0,True
15100,38.86,38.57,12.97151,77.594599,True,0.229,0.093,9.788,0.073,0.694,-0.138,188.25,0,True
15200,40.91,41.44,12.971573,77.59458,True,0.042,-0.183,9.821,-0.853,0.009,0.529,127.97,0,True
15300,41.96,42.32,12.971524,77.594695,True,-0.064,0.177,9.736,0.878,0.51,-0.602,150.91,0,True
15400,40.0,39.09,12.971527,77.594567,True,-0.016,-0.026,9.843,0.031,-0.344,0.226,116.25,0,True
15500,41.96,42.44,12.97156,77.594567,True,0.197,0.019,9.883,-0.4,0.631,-0.263,167.38,0,True
15600,41.92,42.09,12.971659,77.594645,True,0.113,-0.284,9.79,0.934,0.566,0.552,157.76,0,True
15700,40.89,41.05,12.971534,77.594626,True,0.072,0.205,9.659,0.361,-0.937,0.896,110.99,0,True
15800,38.08,37.7,12.97153,77.594638,True,-0.054,0.165,9.968,0.746,0.472,-0.875,113.81,0,True
15900,38.83,38.48,12.971632,77.594605,True,-0.112,-0.196,9.965,-0.315,-0.291,0.544,172.09,0,True
16000,40.57,40.96,12.971622,77.594538,True,-0.152,0.035,9.69,0.946,-0.405,-0.422,120.73,0,True
16100,40.82,40.45,12.97157,77.594687,True,0.177,-0.136,9.649,0.353,-0.241,0.96,181.84,0,True
16200,41.82,42.43,12.971558,77.594558,True,0.128,-0.092,9.777,-0.487,-0.042,-0.596,153.86,0,True
16300,41.73,42.12,12.971527,77.594623,True,0.052,-0.155,9.868,0.062,0.276,-0.895,141.33,0,True
16400,40.87,40.07,12.971654,77.594501,True,0.03,0.257,9.763,0.87,0.757,-0.045,119.95,0,True
16500,41.86,41.5,12.971629,77.594682,True,-0.246,0.044,9.814,0.446,0.873,0.826,117.51,0,True
16600,41.53,40.88,12.971684,77.594699,True,-0.062,-0.003,9.975,0.924,0.852,0.753,100.93,0,True
16700,40.27,39.49,12.971697,77.594557,True,0.293,0.026,9.798,0.877,0.702,-0.064,119.28,0,True
16800,38.45,37.78,12.971592,77.594551,True,-0.188,0.142,9.916,0.136,0.515,-0.649,185.61,0,True
16900,41.59,42.24,12.971603,77.594517,True,0.102,-0.189,9.656,-0.353,-0.504,-0.478,123.55,0,True
17000,41.02,41.92,12.97156,77.594645,True,-0.293,0.092,9.877,-0.876,-0.764,-0.386,140.54,0,True
17100,40.01,40.8,12.971641,77.594562,True,-0.23,0.25,9.718,0.229,-0.562,-0.733,115.32,0,True
17200,40.99,41.2,12.971583,77.59461,True,-0.018,0.023,9.866,-0.563,-0.505,0.509,187.31,0,True
17300,38.33,38.22,12.971641,77.594516,True,0.039,-0.263,9.819,0.011,0.145,-0.7,132.81,0,True
17400,40.08,39.31,12.971541,77.594617,True,-0.245,0.006,9.923,-0.093,0.026,-0.086,105.77,0,True
17500,39.85,40.46,12.971645,77.594579,True,0.19,0.147,9.831,-0.909,-0.311,-0.872,199.41,0,True
17600,41.74,40.88,12.971687,77.594506,True,-0.055,0.161,9.906,0.957,0.292,-0.159,199.29,0,True
17700,39.53,40.27,12.971681,77.594575,True,0.11,0.097,9.816,0.307,-0.304,-0.643,153.73,0,True
17800,40.12,40.57,12.971545,77.594501,True,-0.286,-0.121,9.869,0.089,0.064,0.647,124.75,0,True
17900,39.38,38.94,12.971687,77.594645,True,-0.232,0.186,9.768,0.532,0.768,-0.969,120.61,0,True
18000,38.4,37.47,12.97162,77.594641,True,-0.271,0.144,9.761,-0.531,-0.565,0.727,105.64,0,True
18100,40.02,39.59,12.971663,77.594646,True,-0.109,0.059,9.869,-0.359,-0.396,-0.713,166.02,0,True
18200,38.88,38.49,12.971512,77.59469,True,0.228,0.247,9.85,-0.146,-0.009,0.945,194.16,0,True
18300,40.69,41.26,12.971564,77.594583,True,-0.21,-0.074,9.902,-0.053,0.699,-0.399,170.76,0,True
18400,41.22,42.05,12.971612,77.594694,True,0.034,-0.22,9.697,-0.593,0.293,0.844,184.71,0,True
18500,38.37,38.82,12.971538,77.594554,True,0.104,0.062,9.949,-0.624,0.523,0.449,155.89,0,True
18600,39.92,40.66,12.971567,77.594691,True,-0.291,0.262,9.985,-0.765,0.999,-0.042,124.26,0,True
18700,40.42,39.83,12.971683,77.59461,True,0.165,-0.072,9.813,-0.281,-0.477,0.026,149.73,0,True
18800,38.39,39.36,12.971594,77.594668,True,0.249,-0.078,9.766,0.125,-0.557,-0.708,126.08,0,True
18900,41.74,41.9,12.971584,77.59453,True,-0.102,-0.072,9.933,-0.001,0.309,0.37,125.73,0,True
19000,41.29,42.22,12.971628,77.594598,True,-0.199,0.177,9.668,0.441,-0.023,0.834,154.21,0,True
19100,40.57,39.68,12.971507,77.594669,True,0.267,0.101,9.906,-0.175,0.685,-0.537,170.72,0,True
19200,38.04,38.05,12.971575,77.594624,True,0.1,0.07,9.793,-0.024,-0.987,0.103,101.19,0,True
19300,40.12,39.67,12.971695,77.594503,True,0.188,0.104,9.922,0.82,-0.786,-0.807,114.89,0,True
19400,38.77,38.82,12.971663,77.594553,True,-0.062,-0.076,9.762,0.13,0.98,-0.548,168.4,0,True
19500,41.39,41.7,12.971672,77.594652,True,-0.244,-0.072,9.821,-0.888,-0.981,-0.657,149.99,0,True
19600,39.74,40.3,12.971613,77.594672,True,-0.243,0.017,9.617,-0.577,0.736,0.775,147.55,0,True
19700,38.19,37.33,12.971685,77.59468,True,0.038,-0.28,9.972,-0.371,0.923,0.174,175.23,0,True
19800,40.85,40.65,12.971515,77.594532,True,-0.156,0.201,9.756,0.793,-0.337,0.511,114.0,0,True
19900,41.95,42.4,12.9716,77.594695,True,-0.268,-0.038,9.935,-0.319,0.538,0.91,139.67,0,True
20000,41.09,40.15,12.971555,77.594699,True,-0.006,-0.087,9.976,-0.136,0.359,0.321,108.57,0,True
20100,40.47,41.07,12.971643,77.594516,True,-0.207,0.127,9.854,0.479,-0.367,-0.787,100.52,0,True
20200,39.23,38.95,12.971554,77.594527,True,-0.188,-0.031,9.822,-0.184,-0.947,-0.292,109.31,0,True
20300,40.39,40.04,12.971577,77.594558,True,-0.067,-0.249,9.96,0.81,0.956,0.144,116.96,0,True
20400,39.52,38.8,12.97156,77.594599,True,-0.262,-0.039,9.768,-0.032,-0.846,-0.497,124.66,0,True
20500,40.5,40.69,12.971539,77.594521,True,-0.117,0.269,9.733,0.24,0.608,-0.341,133.47,0,True
20600,41.26,41.98,12.971695,77.594527,True,-0.108,0.268,9.68,-0.372,0.929,0.937,129.14,0,True
20700,40.78,40.76,12.971615,77.594548,True,-0.074,0.19,9.757,-0.772,0.128,0.184,154.56,0,True
20800,40.73,40.83,12.971691,77.594592,True,0.125,-0.037,9.717,0.386,0.638,0.591,140.91,0,True
20900,40.0,40.26,12.971548,77.594632,True,0.129,0.173,9.63,0.981,-0.042,-0.198,150.66,0,True
21000,41.68,42.06,12.971609,77.594658,True,-0.084,0.237,9.815,0.276,-0.83,0.538,165.76,0,True
21100,39.42,39.71,12.971509,77.594697,True,0.106,-0.06,9.901,0.931,-0.139,-0.979,125.87,0,True
21200,40.04,40.08,12.971616,77.594615,True,-0.033,-0.065,9.909,0.177,0.001,-0.31,102.46,0,True
21300,38.42,38.25,12.971692,77.594523,True,0.264,-0.215,9.725,-0.089,-0.586,-0.034,147.62,0,True
21400,39.75,40.15,12.971564,77.59456,True,0.186,-0.231,9.94,0.296,0.354,-0.671,198.39,0,True
21500,38.98,38.32,12.971532,77.594612,True,0.275,-0.161,9.762,-0.631,0.281,-0.136,102.92,0,True
21600,40.46,39.85,12.971618,77.594578,True,0.123,-0.177,9.901,0.617,-0.875,-0.796,187.2,0,True
21700,38.75,38.4,12.971592,77.594552,True,0.218,0.017,9.856,0.194,0.223,0.174,134.79,0,True
21800,41.38,41.62,12.971663,77.594641,True,-0.122,0.069,9.634,-0.732,-0.764,-0.389,118.3,0,True
21900,40.77,40.8,12.971584,77.594528,True,-0.07,-0.189,9.854,0.387,0.291,1.0,155.49,0,True
22000,39.96,39.24,12.971563,77.59459,True,-0.268,-0.085,9.604,-0.727,0.63,0.928,150.54,0,True
22100,39.98,40.35,12.971583,77.594668,True,-0.007,-0.25,9.612,0.522,-0.416,-0.45,153.76,0,True
22200,38.67,38.59,12.971649,77.594653,True,0.03,-0.232,9.646,0.55,0.647,-0.266,182.26,0,True
22300,38.17,38.6,12.971609,77.594698,True,-0.239,0.198,9.901,-0.405,0.999,-0.101,134.86,0,True
22400,41.27,41.15,12.971699,77.594655,True,-0.158,0.186,9.835,-0.299,0.422,0.266,116.6,0,True
22500,38.56,37.97,12.971541,77.594512,True,-0.09,-0.131,9.816,-0.353,0.408,-0.421,126.73,0,True
22600,41.43,42.4,12.971636,77.594519,True,0.278,0.171,9.968,0.985,0.734,-0.746,186.61,0,True
22700,39.0,39.42,12.971666,77.594652,True,0.106,-0.006,9.831,-0.463,-0.172,-0.096,163.36,0,True
22800,41.52,40.71,12.971603,77.594556,True,0.262,-0.079,9.98,-0.345,-0.995,0.548,173.27,0,True
22900,40.92,40.84,12.971633,77.594572,True,-0.262,0.021,9.687,-0.141,-0.576,-0.463,182.83,0,True
23000,39.35,39.51,12.971613,77.594597,True,-0.094,0.11,9.619,-0.801,0.568,-0.081,112.42,0,True
23100,41.43,41.31,12.9715,77.594692,True,-0.179,0.113,9.653,0.3,-0.682,0.865,127.4,0,True
23200,40.62,40.12,12.971574,77.594681,True,-0.201,-0.062,9.722,0.399,-0.532,0.311,170.37,0,True
23300,38.0,37.96,12.971527,77.594545,True,0.108,-0.294,9.878,0.634,0.976,-0.155,113.22,0,True
23400,38.28,38.05,12.971646,77.59452,True,-0.112,0.229,9.655,0.547,0.506,-0.734,199.29,0,True
23500,38.57,38.63,12.971502,77.59463,True,-0.036,0.133,9.851,-0.697,-0.177,0.373,186.0,0,True
23600,38.35,37.55,12.97165,77.594618,True,-0.07,0.278,9.726,-0.72,-0.446,-0.832,155.34,0,True
23700,40.4,40.62,12.971656,77.594638,True,0.209,0.095,9.721,0.035,0.019,0.496,129.55,0,True
23800,38.22,39.01,12.971691,77.594599,True,-0.232,-0.0,9.838,0.057,0.955,0.974,193.39,0,True
23900,38.53,39.25,12.971614,77.594573,True,0.11,0.158,9.982,0.541,-0.967,-0.865,126.22,0,True
24000,38.16,37.28,12.971658,77.594601,True,0.077,0.001,9.766,0.404,-0.835,0.073,161.6,0,True
24100,39.11,38.73,12.971602,77.594541,True,0.185,0.022,9.756,0.269,0.669,0.362,106.61,0,True
24200,40.79,41.25,12.971669,77.594512,True,-0.248,-0.039,9.781,0.218,-0.381,0.483,174.07,0,True
24300,38.48,38.89,12.97164,77.594533,True,0.272,0.014,9.913,0.442,-0.666,-0.746,178.11,0,True
24400,39.08,39.85,12.971654,77.594506,True,0.184,-0.137,9.626,0.425,0.153,-0.846,145.52,0,True
24500,39.44,39.44,12.971613,77.594574,True,-0.147,-0.238,9.83,0.446,-0.543,0.018,104.4,0,True
24600,41.45,40.94,12.971594,77.594577,True,-0.21,0.259,9.943,0.106,0.828,0.481,141.94,0,True
24700,39.29,39.12,12.971644,77.594554,True,-0.253,-0.076,9.801,0.804,-0.641,0.609,198.14,0,True
24800,41.82,40.95,12.971593,77.594556,True,0.207,-0.104,9.821,-0.984,-0.599,0.128,130.39,0,True
24900,40.49,40.42,12.971618,77.594599,True,0.164,-0.183,9.96,0.521,-0.51,-0.987,141.0,0,True
25000,38.93,38.62,12.971668,77.594675,True,0.271,-0.299,9.863,0.698,0.454,-0.792,152.98,0,True
25100,38.95,38.94,12.971512,77.594699,True,0.127,-0.244,9.969,0.795,0.04,0.402,137.25,0,True
25200,41.9,41.07,12.971519,77.594527,True,0.192,-0.255,9.827,-0.13,0.928,-0.526,126.1,0,True
25300,39.26,39.86,12.97164,77.594647,True,-0.109,-0.137,9.63,-0.595,0.56,0.169,115.54,0,True
25400,38.66,38.59,12.971581,77.594607,True,0.279,-0.175,9.723,-0.47,-0.76,-0.685,168.61,0,True
25500,41.31,41.7,12.971508,77.594667,True,-0.103,-0.245,9.699,-0.289,0.027,0.354,126.02,0,True
25600,41.96,41.02,12.971581,77.59459,True,0.149,-0.15,9.785,0.608,-0.72,-0.976,183.04,0,True
25700,41.93,41.19,12.971665,77.594574,True,0.078,0.087,9.833,-0.482,0.625,-0.956,106.45,0,True
25800,41.61,41.5,12.971526,77.594681,True,0.198,-0.101,9.617,-0.078,-0.664,0.148,182.17,0,True
25900,39.58,38.64,12.971637,77.594535,True,-0.171,-0.188,9.712,0.767,-0.931,0.238,124.58,0,True
26000,39.18,39.0,12.97161,77.594512,True,-0.132,-0.218,9.68,0.769,0.052,0.262,180.22,0,True
26100,41.18,42.16,12.971656,77.594572,True,0.027,-0.009,9.965,0.005,-0.223,-0.64,131.89,0,True
26200,38.88,39.67,12.971656,77.594512,True,0.295,0.018,9.907,0.999,0.948,-0.8,165.69,0,True
26300,39.07,39.7,12.971683,77.594511,True,0.298,-0.168,9.939,0.595,-0.29,0.678,184.52,0,True
26400,38.7,38.89,12.971661,77.59464,True,0.248,-0.283,9.88,0.895,0.127,0.126,118.82,0,True
26500,41.95,42.72,12.971598,77.594562,True,-0.006,-0.246,9.693,-0.562,0.053,-0.999,191.79,0,True
26600,38.81,38.07,12.971643,77.594684,True,0.207,-0.106,9.609,0.173,0.834,0.549,184.65,0,True
26700,41.44,42.36,12.971575,77.594688,True,-0.063,-0.239,9.721,-0.727,-0.685,0.897,179.18,0,True
26800,41.84,42.14,12.971535,77.594694,True,0.116,0.257,9.915,-0.554,0.178,-0.649,130.68,0,True
26900,40.75,40.01,12.971646,77.59469,True,0.269,-0.065,9.998,0.93,-0.935,0.205,192.1,0,True
27000,41.87,41.31,12.971613,77.594687,True,-0.216,0.147,9.695,0.965,-0.664,0.771,108.87,0,True
27100,40.84,41.11,12.971677,77.594589,True,-0.141,-0.15,9.627,-0.487,-0.784,-0.997,138.59,0,True
27200,40.93,41.87,12.971677,77.594599,True,-0.073,0.028,9.641,-0.041,0.728,0.302,168.72,0,True
27300,38.65,37.8,12.971669,77.594559,True,-0.109,0.271,9.63,-0.66,-0.249,0.464,154.7,0,True
27400,41.59,40.78,12.971619,77.594623,True,-0.01,-0.281,9.977,-0.67,0.78,-0.686,110.13,0,True
27500,38.82,38.2,12.971639,77.594644,True,0.138,-0.141,9.713,-0.525,-0.901,0.144,183.99,0,True
27600,38.61,38.34,12.971586,77.594559,True,0.097,0.06,9.68,-0.949,-0.658,-0.416,108.19,0,True
27700,41.38,40.99,12.971579,77.594598,True,0.097,-0.245,9.818,-0.63,0.771,-0.261,144.58,0,True
27800,39.05,38.98,12.971545,77.594554,True,-0.263,0.151,9.867,-0.829,-0.312,0.083,197.07,0,True
27900,40.36,40.47,12.971668,77.594664,True,-0.049,0.021,9.947,-0.05,0.763,-0.047,107.9,0,True
28000,41.61,42.04,12.9716,77.59468,True,0.18,0.107,9.848,-0.759,0.514,-0.654,198.44,0,True
28100,41.89,42.51,12.971525,77.594585,True,0.293,-0.039,9.999,0.254,0.668,-0.484,191.08,0,True
28200,41.66,40.79,12.971578,77.594579,True,-0.104,-0.134,9.783,0.747,0.573,0.246,152.26,0,True
28300,39.68,39.51,12.97153,77.594618,True,0.155,0.264,9.97,0.125,-0.798,-0.428,153.56,0,True
28400,39.38,39.2,12.971577,77.594597,True,0.065,-0.278,9.71,-0.712,0.217,0.387,103.88,0,True
28500,41.56,41.22,12.971548,77.594649,True,0.253,0.238,9.608,0.635,-0.394,-0.439,149.16,0,True
28600,40.78,39.98,12.971674,77.594527,True,0.285,-0.034,9.93,-0.461,-0.166,0.291,118.79,0,True
28700,38.85,39.49,12.971648,77.594652,True,0.22,0.193,9.806,-0.682,-0.378,0.014,113.56,0,True
28800,41.41,42.16,12.971506,77.594539,True,0.2,0.202,9.7,-0.087,0.836,0.409,127.4,0,True
28900,41.29,41.3,12.971627,77.594525,True,-0.282,-0.077,9.838,-0.645,0.741,0.174,134.98,0,True
29000,38.65,39.44,12.97165,77.594638,True,-0.129,-0.068,9.665,0.145,0.93,0.714,164.74,0,True
29100,40.71,40.25,12.971582,77.594504,True,0.168,0.161,9.604,0.823,0.295,0.202,100.85,0,True
29200,39.01,39.62,12.971561,77.594693,True,0.086,-0.046,9.751,-0.303,-0.496,-0.067,167.72,0,True
29300,41.3,41.09,12.97152,77.594602,True,0.097,0.206,9.75,0.295,0.218,-0.403,110.81,0,True
29400,38.26,39.23,12.971628,77.594672,True,-0.143,0.127,9.957,-0.402,-0.7,0.531,189.97,0,True
29500,41.22,41.83,12.97162,77.594632,True,0.108,0.133,9.862,0.995,-0.481,-0.163,138.83,0,True
29600,38.14,38.56,12.971614,77.594538,True,0.136,-0.167,9.814,0.57,0.813,0.344,150.73,0,True
29700,41.38,42.06,12.971675,77.594536,True,-0.241,-0.223,9.703,0.617,0.526,-0.634,167.97,0,True
29800,39.34,38.52,12.971571,77.594649,True,-0.116,0.173,9.733,-0.479,-0.412,0.702,147.05,0,True
29900,41.47,41.63,12.971689,77.594514,True,0.234,0.0,9.947,-0.237,-0.403,-0.892,185.42,0,True
30000,38.55,37.95,12.971582,77.594614,True,0.244,-0.025,9.727,0.431,0.558,-0.025,163.1,0,True
30100,38.71,38.98,12.971501,77.594555,True,0.157,-0.199,9.906,-0.021,0.527,-0.824,161.45,0,True
30200,40.53,40.34,12.971693,77.594577,True,-0.277,-0.18,9.749,-0.972,-0.356,0.666,119.06,0,True
30300,40.71,40.96,12.97155,77.594639,True,-0.093,-0.223,9.753,0.177,-0.666,0.648,129.82,0,True
30400,39.16,39.62,12.971619,77.594568,True,0.233,0.297,9.737,0.803,-0.281,-0.623,194.81,0,True
30500,41.67,41.48,12.971546,77.594645,True,-0.221,0.14,9.836,-0.662,-0.267,0.301,103.74,0,True
30600,41.51,41.02,12.971607,77.59451,True,0.297,0.097,9.861,-0.961,0.379,-0.166,138.03,0,True
30700,40.19,40.14,12.971531,77.594639,True,0.078,-0.119,9.865,0.325,-0.46,0.211,113.72,0,True
30800,41.32,40.53,12.971644,77.594524,True,-0.232,-0.236,9.679,-0.601,-0.474,0.046,120.17,0,True
30900,40.81,40.4,12.971508,77.594599,True,-0.175,0.26,9.732,-0.995,0.343,0.814,183.52,0,True
31000,40.68,39.97,12.971518,77.594602,True,0.134,-0.239,9.702,-0.538,0.977,-0.408,146.43,0,True
31100,38.4,37.75,12.971508,77.594558,True,0.181,-0.112,9.895,-0.81,0.516,-0.908,185.2,0,True
31200,40.65,39.99,12.971572,77.594588,True,0.073,0.227,9.637,0.63,-0.634,-0.198,196.23,0,True
31300,39.09,38.86,12.97167,77.59466,True,0.089,0.178,9.645,0.392,-0.883,0.885,115.94,0,True
31400,39.66,39.85,12.97166,77.594636,True,-0.191,-0.072,9.743,-0.942,0.369,0.677,197.34,0,True
31500,38.52,39.36,12.971523,77.594582,True,-0.272,-0.143,9.726,0.409,0.356,0.535,157.66,0,True
31600,40.26,41.22,12.971634,77.594568,True,0.014,0.12,9.638,0.323,-0.503,-0.309,167.63,0,True
31700,39.54,40.22,12.971612,77.594698,True,-0.267,0.086,9.663,0.698,0.704,0.739,107.49,0,True
31800,39.97,39.45,12.971694,77.59451,True,-0.166,0.086,9.761,-0.53,-0.082,0.603,144.81,0,True
31900,41.43,41.32,12.971524,77.594599,True,0.092,-0.238,9.765,0.114,-1.0,-0.818,160.42,0,True
32000,40.48,40.09,12.971602,77.594541,True,0.103,0.27,9.745,-0.891,-0.554,-0.091,156.02,0,True
32100,40.48,40.43,12.971631,77.594643,True,-0.232,0.156,9.689,-0.317,0.66,0.929,129.2,0,True
32200,40.09,40.49,12.971509,77.594533,True,-0.216,0.13,9.889,-0.786,0.222,-0.625,193.02,0,True
32300,39.57,39.49,12.971656,77.594643,True,-0.235,-0.051,9.971,0.675,0.178,0.544,145.05,0,True
32400,40.63,41.55,12.971527,77.5946,True,0.018,-0.271,9.974,0.678,-0.034,0.017,192.12,0,True
32500,38.71,38.87,12.971646,77.594526,True,-0.068,0.06,9.953,0.008,-0.231,0.959,191.59,0,True
32600,41.05,40.6,12.971693,77.594694,True,-0.028,-0.22,9.765,0.4,0.497,-0.402,170.15,0,True
32700,41.44,41.87,12.971687,77.594627,True,-0.179,0.075,9.716,-0.309,0.345,0.963,165.01,0,True
32800,41.83,41.84,12.971639,77.594564,True,-0.231,-0.089,9.792,0.141,0.334,-0.165,174.79,0,True
32900,41.37,40.94,12.971669,77.594662,True,0.014,-0.285,9.658,0.341,-0.6,0.5,116.09,0,True
33000,39.15,38.65,12.971668,77.594638,True,-0.123,0.152,9.613,0.628,-0.795,0.736,173.95,0,True
33100,41.46,41.94,12.971612,77.594548,True,0.171,0.179,9.715,0.329,0.853,-0.225,195.67,0,True
33200,41.9,41.53,12.97161,77.594503,True,-0.149,0.072,9.912,0.74,0.66,0.823,170.46,0,True
33300,40.59,41.1,12.971609,77.594621,True,0.166,0.279,9.718,-0.645,0.365,-0.626,117.38,0,True
33400,40.06,39.81,12.971586,77.594611,True,-0.222,0.05,9.702,-0.339,0.419,-0.69,115.37,0,True
33500,39.29,38.39,12.971686,77.594623,True,0.097,-0.006,9.829,-0.284,0.568,-0.364,122.0,0,True
33600,38.74,37.87,12.971601,77.594583,True,0.022,-0.245,9.688,-0.573,-0.336,-0.278,121.84,0,True
33700,41.01,41.07,12.971699,77.594665,True,0.289,-0.295,9.868,-0.109,0.809,0.227,162.11,0,True
33800,41.84,42.2,12.971564,77.594683,True,0.267,-0.068,9.816,-0.434,0.823,0.644,137.5,0,True
33900,41.21,41.1,12.971509,77.59468,True,-0.184,0.008,9.979,-0.665,0.913,0.076,100.73,0,True
34000,38.26,38.6,12.971655,77.594673,True,-0.045,-0.238,9.815,0.405,0.952,0.55,164.66,0,True
34100,41.76,42.25,12.971531,77.594592,True,-0.101,-0.247,9.622,0.588,0.116,0.15,122.76,0,True
34200,39.03,38.81,12.971626,77.594587,True,-0.29,0.104,9.814,0.283,0.237,0.512,158.56,0,True
34300,40.8,39.95,12.971686,77.594521,True,0.172,-0.119,9.635,0.531,-0.125,-0.21,166.07,0,True
34400,39.9,39.96,12.971527,77.594578,True,0.178,0.027,9.984,-0.712,0.355,0.828,179.5,0,True
34500,40.92,40.66,12.97169,77.594611,True,0.033,-0.226,9.602,0.193,0.074,0.894,130.47,0,True
34600,40.99,41.8,12.971569,77.594583,True,0.088,0.008,9.664,-0.558,0.669,-0.611,118.14,0,True
34700,41.2,41.9,12.97167,77.594686,True,0.297,-0.023,9.82,-0.419,-0.865,-0.804,172.56,0,True
34800,39.95,39.61,12.971526,77.594631,True,-0.24,0.072,9.96,-0.364,-0.099,0.233,130.57,0,True
34900,40.34,40.47,12.971573,77.594563,True,-0.043,-0.297,9.698,-0.557,0.48,-0.128,184.01,0,True
35000,38.54,39.0,12.971676,77.594593,True,-0.085,-0.117,9.821,-0.648,0.213,0.684,185.87,0,True
35100,38.56,38.64,12.971553,77.594677,True,-0.254,-0.255,9.607,0.014,-0.938,0.164,140.51,0,True
35200,40.36,41.17,12.97161,77.594609,True,0.299,-0.017,9.91,-0.268,-0.553,0.544,173.32,0,True
35300,39.16,39.09,12.971602,77.594579,True,0.001,0.098,9.939,0.613,0.228,-0.668,151.41,0,True
35400,39.78,39.14,12.97169,77.594632,True,0.281,0.142,9.793,-0.282,-0.562,-0.025,106.29,0,True
35500,39.48,38.56,12.971541,77.594682,True,-0.083,-0.018,9.782,-0.907,0.961,-0.352,170.37,0,True
35600,40.09,40.74,12.971667,77.594553,True,0.027,-0.196,9.861,-0.269,0.307,0.671,151.67,0,True
35700,39.51,40.32,12.971603,77.594571,True,0.221,-0.008,9.793,0.208,0.004,-0.722,116.56,0,True
35800,38.31,38.6,12.971542,77.594537,True,-0.083,0.13,9.647,-0.539,0.622,0.441,148.15,0,True
35900,39.92,39.34,12.971532,77.594667,True,-0.287,-0.274,9.829,-0.678,0.259,-0.922,157.23,0,True
36000,38.22,37.74,12.971536,77.594692,True,0.06,0.038,9.607,0.439,0.323,-0.433,108.57,0,True
36100,39.8,40.78,12.971673,77.594534,True,0.198,0.061,9.918,0.641,-0.636,0.319,126.45,0,True
36200,40.9,40.58,12.971591,77.594618,True,-0.162,-0.069,9.643,-0.595,0.719,0.009,141.98,0,True
36300,38.6,37.79,12.971595,77.594623,True,-0.277,0.17,9.801,-0.765,-0.036,-0.739,160.35,0,True
36400,41.31,42.1,12.971655,77.59463,True,0.013,-0.078,9.617,0.06,-0.541,0.605,178.96,0,True
36500,39.52,39.7,12.971648,77.594652,True,0.118,-0.241,9.654,-0.046,-0.535,0.718,128.33,0,True
36600,41.51,41.32,12.971538,77.594642,True,0.174,0.047,9.647,-0.986,0.309,0.376,131.59,0,True
36700,39.45,38.76,12.97163,77.594551,True,0.213,-0.046,9.746,-0.449,0.361,0.51,141.32,0,True
36800,41.14,41.1,12.971574,77.594611,True,-0.148,-0.116,9.738,0.411,0.472,0.71,165.93,0,True
36900,40.99,40.88,12.97164,77.594532,True,-0.171,-0.06,9.735,0.101,0.394,0.414,116.07,0,True
37000,41.86,40.87,12.971518,77.594529,True,0.256,-0.039,9.626,-0.556,-0.84,-0.924,138.43,0,True
37100,41.94,42.17,12.971604,77.594642,True,0.058,0.267,9.928,0.281,-0.122,-0.597,165.69,0,True
37200,41.22,40.79,12.971507,77.59462,True,0.009,-0.161,9.668,-0.928,-0.521,-0.999,115.74,0,True
37300,41.99,42.55,12.971571,77.594579,True,0.052,0.011,9.895,-0.863,-0.82,-0.431,182.98,0,True
37400,41.66,41.36,12.971693,77.594555,True,0.064,-0.183,9.972,0.15,-0.478,-0.186,110.65,0,True
37500,38.29,37.88,12.971689,77.594661,True,0.274,0.226,9.925,0.15,0.388,0.932,156.32,0,True
37600,41.08,41.59,12.971692,77.594592,True,-0.024,0.052,9.611,-0.767,-0.865,0.267,199.42,0,True
37700,40.71,40.17,12.971563,77.594691,True,0.01,-0.294,9.933,-0.503,-0.814,0.347,182.11,0,True
37800,38.3,39.17,12.971595,77.594571,True,0.237,-0.139,9.979,0.366,0.82,-0.002,119.97,0,True
37900,40.94,41.69,12.971541,77.594541,True,-0.15,0.071,9.662,-0.787,0.84,0.352,166.34,0,True
38000,40.46,40.98,12.971608,77.594508,True,-0.011,0.072,9.797,0.971,0.794,0.738,149.08,0,True
38100,41.94,42.77,12.971556,77.594544,True,0.046,-0.268,9.92,-0.043,0.082,0.005,139.37,0,True
38200,40.75,40.09,12.971695,77.59464,True,-0.024,0.114,9.605,-0.578,0.162,-0.349,161.28,0,True
38300,39.04,39.14,12.971547,77.594594,True,0.068,-0.08,9.8,-0.579,0.401,-0.255,185.43,0,True
38400,39.12,38.48,12.971526,77.594615,True,-0.163,-0.24,9.708,-0.528,-0.136,-0.238,114.58,0,True
38500,41.84,41.14,12.971661,77.594535,True,-0.0,0.297,9.94,0.034,0.441,0.571,130.0,0,True
38600,40.25,40.38,12.97158,77.594638,True,-0.264,0.188,9.791,0.26,-0.1,-0.331,136.1,0,True
38700,40.24,41.11,12.971552,77.594504,True,-0.227,0.22,9.985,-0.602,0.152,0.298,117.45,0,True
38800,41.12,40.83,12.971635,77.594597,True,0.142,0.234,9.752,-0.427,0.263,-0.71,116.76,0,True
38900,41.23,40.91,12.971626,77.594614,True,0.209,-0.257,9.665,-0.544,-0.366,-0.417,126.75,0,True
39000,40.58,40.12,12.971589,77.594673,True,-0.082,0.052,9.986,-0.172,-0.632,-0.954,172.78,0,True
39100,40.65,41.53,12.97164,77.594516,True,-0.2,-0.238,9.626,0.757,0.097,-0.947,139.7,0,True
39200,41.06,40.23,12.971552,77.594531,True,0.093,0.231,9.724,-0.505,-0.432,0.253,113.13,0,True
39300,41.35,40.41,12.971633,77.594672,True,-0.105,-0.014,9.99,0.081,-0.455,-0.11,196.95,0,True
39400,40.79,40.14,12.97162,77.594626,True,0.082,0.038,9.809,0.279,-0.381,-0.306,153.97,0,True
39500,41.22,41.1,12.971573,77.594552,True,-0.118,-0.3,9.926,0.696,-0.312,-0.062,100.83,0,True
39600,41.69,42.58,12.971595,77.594502,True,-0.042,-0.124,9.692,-0.986,-0.253,-0.177,156.06,0,True
39700,39.58,38.91,12.971647,77.594578,True,-0.073,-0.142,9.769,-0.521,0.529,0.82,180.76,0,True
39800,40.74,40.31,12.971649,77.594662,True,-0.052,0.212,9.673,-0.421,0.274,0.235,127.21,0,True
39900,40.49,39.87,12.971504,77.59451,True,0.021,-0.188,9.641,-0.462,0.43,0.454,123.28,0,True
40000,38.6,38.59,12.971568,77.594562,True,0.18,0.299,9.785,0.583,-0.34,0.687,195.16,0,True
40100,38.22,38.78,12.971514,77.594594,True,-0.185,0.205,9.927,0.657,-0.756,0.536,124.9,0,True
40200,41.08,40.97,12.971648,77.594507,True,-0.023,0.163,9.808,0.964,-0.054,0.363,131.21,0,True
40300,39.29,39.55,12.971508,77.594687,True,0.013,-0.148,9.855,-0.603,0.775,0.727,121.78,0,True
40400,38.45,38.72,12.971565,77.594533,True,-0.134,-0.228,9.916,-0.982,-0.916,0.567,147.53,0,True
40500,40.38,40.13,12.971518,77.594532,True,-0.245,0.071,9.972,0.994,0.25,-0.88,164.46,0,True
40600,40.81,41.39,12.971525,77.594547,True,0.289,0.173,9.903,0.611,-0.123,-0.614,168.92,0,True
40700,39.43,38.7,12.97168,77.594597,True,-0.037,-0.123,9.879,-0.62,-0.627,-0.305,173.24,0,True
40800,39.1,39.76,12.971683,77.594611,True,-0.259,-0.207,9.718,-0.473,-0.266,-0.999,163.8,0,True
40900,39.52,38.89,12.971504,77.594671,True,0.166,-0.157,9.888,0.317,0.078,-0.225,152.41,0,True
41000,39.99,40.09,12.971623,77.594565,True,0.085,-0.234,9.809,-0.867,0.67,-0.74,187.35,0,True
41100,38.81,38.78,12.97152,77.594614,True,0.202,0.095,9.81,0.403,-0.488,-0.267,160.6,0,True
41200,38.28,39.14,12.971542,77.594598,True,0.234,-0.252,9.92,-0.879,0.116,0.876,141.6,0,True
41300,39.48,39.89,12.971665,77.594553,True,-0.276,-0.258,9.722,0.889,0.921,-0.806,172.52,0,True
41400,40.13,39.51,12.971605,77.59455,True,0.075,-0.193,9.9,-0.17,-0.789,0.277,135.8,0,True
41500,39.83,40.17,12.971677,77.594533,True,-0.192,-0.059,9.735,-0.684,0.997,-0.114,135.23,0,True
41600,39.26,40.24,12.971565,77.594574,True,0.159,-0.042,9.89,0.217,0.126,-0.572,176.57,0,True
41700,41.7,41.21,12.971692,77.594589,True,-0.062,0.136,9.993,0.192,0.035,0.987,130.18,0,True
41800,39.2,38.65,12.971671,77.594504,True,0.193,0.114,9.71,0.107,0.113,0.852,115.47,0,True
41900,38.15,37.86,12.971528,77.594573,True,0.049,-0.16,9.924,-0.816,-0.2,0.836,173.43,0,True
42000,40.89,41.48,12.971535,77.594665,True,0.114,0.046,9.963,0.19,-0.399,0.462,157.63,0,True
42100,38.31,37.43,12.971654,77.59457,True,0.19,-0.05,9.947,0.74,-0.547,0.306,160.23,0,True
42200,38.05,38.6,12.971576,77.594561,True,-0.275,0.024,9.66,0.005,-0.558,-0.899,173.16,0,True
42300,39.57,39.46,12.971619,77.594601,True,-0.167,-0.126,9.758,-0.736,-0.835,0.143,104.93,0,True
42400,39.6,38.77,12.9716,77.594655,True,-0.222,-0.219,9.824,-0.024,0.304,-0.608,161.6,0,True
42500,40.94,40.44,12.971514,77.594655,True,-0.106,0.254,9.636,0.343,-0.153,-0.303,132.07,0,True
42600,40.38,39.42,12.971561,77.594698,True,0.07,0.294,9.777,-0.708,-0.91,0.636,119.97,0,True
42700,39.5,40.01,12.971671,77.594522,True,-0.267,0.269,9.971,0.738,0.64,-0.973,169.38,0,True
42800,38.45,38.35,12.971505,77.594542,True,0.023,-0.178,9.809,-0.483,-0.034,0.46,114.13,0,True
42900,40.8,39.83,12.971617,77.594633,True,-0.274,-0.198,9.714,0.578,0.236,-0.894,165.48,0,True
43000,38.03,37.81,12.971554,77.59467,True,0.096,0.219,9.608,0.735,0.299,-0.538,138.07,0,True
43100,41.91,41.11,12.971563,77.594673,True,0.019,-0.188,9.8,-0.084,0.853,-0.957,124.74,0,True
43200,40.12,39.78,12.971579,77.594531,True,-0.092,-0.089,9.85,-0.528,0.956,0.003,181.19,0,True
43300,40.5,41.26,12.971678,77.594663,True,-0.282,0.033,9.712,-0.697,0.794,0.314,108.78,0,True
43400,39.53,40.45,12.971622,77.594625,True,-0.164,-0.156,9.661,0.941,0.819,-0.341,154.22,0,True
43500,38.83,38.1,12.971608,77.59466,True,0.218,-0.115,9.882,0.048,-0.729,0.991,197.58,0,True
43600,38.58,39.45,12.971683,77.594563,True,0.034,0.269,9.647,-0.365,0.759,0.454,176.54,0,True
43700,41.52,41.35,12.971582,77.594589,True,0.26,0.236,9.973,-0.452,0.558,-0.786,118.47,0,True
43800,41.05,41.27,12.971553,77.594613,True,-0.161,-0.161,9.875,-0.281,0.376,-0.047,150.23,0,True
43900,40.42,40.84,12.971575,77.59467,True,-0.005,-0.217,9.677,-0.936,0.529,-0.97,126.99,0,True
44000,39.65,40.14,12.971698,77.594652,True,-0.26,0.256,9.994,0.734,-0.02,-0.35,145.75,0,True
44100,38.99,38.8,12.971508,77.594647,True,-0.072,-0.112,9.845,0.485,0.188,0.05,187.58,0,True
44200,41.15,41.19,12.97159,77.594665,True,-0.275,0.298,9.807,-0.209,0.47,0.115,151.61,0,True
44300,40.52,39.62,12.971558,77.59458,True,-0.117,0.197,9.785,-0.155,0.226,-0.891,151.7,0,True
44400,38.57,39.23,12.97159,77.594645,True,-0.232,0.167,9.975,0.392,-0.729,-0.173,145.09,0,True
44500,38.72,38.9,12.971643,77.59454,True,-0.027,-0.15,9.877,0.814,0.593,0.437,112.35,0,True
44600,38.46,38.36,12.971573,77.594605,True,-0.07,0.175,9.805,0.9,-0.243,-0.239,176.83,0,True
44700,41.65,41.78,12.971632,77.59453,True,0.221,-0.193,9.885,-0.161,-0.381,0.537,144.63,0,True
44800,40.51,39.74,12.971526,77.594541,True,0.074,-0.148,9.783,0.711,0.087,-0.988,188.27,0,True
44900,38.95,39.13,12.971595,77.594582,True,-0.252,0.06,9.698,0.095,0.24,0.115,182.53,0,True
45000,38.2,37.49,12.971631,77.594507,True,0.212,0.1,9.935,-0.403,0.841,-0.902,141.7,0,True
45100,38.71,39.06,12.971622,77.594638,True,0.057,0.172,9.671,-0.089,0.158,0.863,109.31,0,True
45200,39.2,38.93,12.971576,77.594514,True,-0.044,0.03,9.717,-0.731,0.389,-0.451,152.71,0,True
45300,40.1,40.49,12.971622,77.594522,True,0.138,0.077,9.995,-0.033,0.377,0.868,198.63,0,True
45400,39.15,39.37,12.971563,77.594605,True,0.297,-0.088,9.652,0.125,0.039,0.264,149.25,0,True
45500,38.72,38.94,12.971642,77.594696,True,-0.299,-0.286,9.85,-0.764,0.696,0.599,199.9,0,True
45600,39.66,39.32,12.971612,77.594628,True,-0.293,-0.179,9.713,0.58,-0.384,0.013,132.39,0,True
45700,38.02,38.4,12.971568,77.594645,True,0.07,-0.283,9.67,-0.339,-0.324,0.345,191.62,0,True
45800,41.19,41.48,12.971596,77.594625,True,0.235,0.022,9.734,0.568,-0.172,0.485,183.51,0,True
45900,39.2,39.65,12.971563,77.594607,True,-0.175,0.111,9.92,0.776,-0.293,0.939,128.05,0,True
46000,38.12,39.09,12.971625,77.594668,True,0.043,-0.066,9.838,0.729,0.503,0.411,131.45,0,True
46100,38.13,37.95,12.971599,77.594548,True,-0.029,0.27,9.686,-0.395,-0.776,0.57,177.78,0,True
46200,41.65,41.54,12.971505,77.594597,True,0.0,-0.186,9.969,0.465,0.047,0.551,114.33,0,True
46300,41.49,42.13,12.971688,77.594635,True,-0.22,0.135,9.784,0.427,0.045,-0.992,193.23,0,True
46400,40.75,40.94,12.971517,77.594593,True,-0.272,0.012,9.864,-0.375,0.155,-0.376,189.21,0,True
46500,39.28,38.67,12.971555,77.594564,True,-0.035,-0.229,9.66,-0.453,-0.969,0.246,151.41,0,True
46600,38.83,38.53,12.971564,77.594528,True,0.123,-0.13,9.698,-0.858,0.227,-0.323,144.36,0,True
46700,38.52,38.46,12.971635,77.594521,True,-0.268,-0.044,9.672,0.192,0.186,0.672,169.94,0,True
46800,40.47,40.09,12.971663,77.594643,True,0.103,0.02,9.989,0.511,-0.069,-0.736,181.29,0,True
46900,41.68,41.62,12.971591,77.594637,True,0.126,-0.021,9.693,-0.552,0.722,0.234,191.29,0,True
47000,39.57,39.97,12.971633,77.594658,True,0.229,-0.028,9.612,-0.049,-0.297,-0.078,117.08,0,True
47100,41.07,41.28,12.971525,77.594521,True,0.191,0.178,9.73,0.299,0.585,0.065,140.08,0,True
47200,39.65,39.9,12.97161,77.594695,True,-0.07,-0.096,9.926,0.182,0.569,-0.129,178.73,0,True
47300,40.18,39.65,12.971633,77.594516,True,0.259,0.045,9.795,0.184,-0.074,0.11,182.2,0,True
47400,38.7,39.62,12.971514,77.594522,True,0.188,0.163,9.752,-0.011,0.32,-0.819,181.7,0,True
47500,41.55,42.36,12.971627,77.5945,True,-0.212,-0.21,9.813,-0.22,0.156,-0.609,168.15,0,True
47600,39.27,39.41,12.971683,77.594561,True,0.266,-0.039,9.993,-0.311,-0.821,-0.984,198.64,0,True
47700,39.62,38.87,12.971559,77.594574,True,0.029,-0.268,9.881,0.642,-0.282,0.722,186.57,0,True
47800,38.94,39.35,12.971579,77.594564,True,-0.07,-0.071,9.818,0.325,-0.05,-0.624,138.46,0,True
47900,41.7,42.38,12.971531,77.594699,True,0.102,-0.219,9.629,-0.969,0.443,-0.027,143.67,0,True
48000,41.96,41.13,12.971628,77.594583,True,-0.026,0.173,9.842,-0.149,-0.64,0.019,155.21,0,True
48100,39.8,39.51,12.971537,77.594621,True,0.047,0.208,9.695,0.003,-0.178,0.092,136.7,0,True
48200,41.91,42.05,12.971641,77.594523,True,-0.011,0.114,9.657,0.463,0.967,0.967,177.89,0,True
48300,39.86,39.02,12.971678,77.594518,True,-0.017,0.145,9.984,-0.844,0.267,0.596,131.25,0,True
48400,38.21,37.9,12.971656,77.594594,True,0.008,-0.018,9.894,-0.158,0.921,0.596,128.92,0,True
48500,38.14,38.99,12.97165,77.594645,True,0.038,-0.263,9.789,-0.662,-0.897,0.981,180.89,0,True
48600,40.5,40.07,12.971517,77.594601,True,0.211,-0.133,9.653,-0.438,0.716,-0.972,111.15,0,True
48700,38.7,38.88,12.97153,77.594589,True,0.185,-0.143,9.88,-0.03,0.599,0.724,134.28,0,True
48800,38.34,37.63,12.971687,77.594531,True,-0.002,0.296,9.908,-0.524,-0.12,0.275,121.09,0,True
48900,40.94,40.63,12.971628,77.594651,True,-0.23,-0.199,9.759,-0.397,0.492,0.505,153.25,0,True
49000,39.52,39.93,12.971595,77.594529,True,0.222,-0.293,9.971,-0.102,0.357,0.924,168.29,0,True
49100,38.16,39.0,12.971627,77.594691,True,-0.041,0.251,9.943,-0.33,-0.466,-0.803,165.43,0,True
49200,39.56,40.11,12.97165,77.594647,True,0.053,-0.183,9.735,0.381,-0.64,0.095,167.28,0,True
49300,41.33,40.35,12.97152,77.594521,True,-0.032,-0.168,9.713,-0.614,-0.953,-0.816,193.85,0,True
49400,40.63,41.3,12.97169,77.594628,True,0.125,-0.228,9.943,-0.74,0.313,0.8,156.61,0,True
49500,41.87,42.66,12.971639,77.594551,True,-0.02,0.262,9.856,0.845,-0.447,-0.146,190.34,0,True
49600,41.08,40.73,12.971532,77.594515,True,0.166,-0.07,9.733,-0.88,0.911,-0.471,144.06,0,True
49700,39.97,40.82,12.971622,77.594536,True,-0.005,-0.214,9.907,-0.563,0.287,0.825,171.54,0,True
49800,38.41,37.56,12.971614,77.59455,True,-0.032,0.238,9.66,0.281,0.866,0.329,126.64,0,True
49900,40.8,41.61,12.971615,77.594603,True,0.264,-0.006,9.774,0.688,0.562,0.571,154.01,0,True
50000,38.01,38.92,12.971664,77.594596,True,0.04,0.261,9.744,0.364,-0.199,0.265,195.88,0,True
50100,38.36,38.43,12.971692,77.594516,True,-0.024,0.16,9.859,-0.647,-0.921,-0.232,119.1,0,True
50200,40.78,41.58,12.971626,77.594572,True,-0.249,0.08,9.894,-0.72,-0.614,0.439,159.29,0,True
50300,39.96,39.08,12.971608,77.594562,True,0.02,0.201,9.78,0.992,-0.926,-0.888,178.78,0,True
50400,38.17,37.41,12.971661,77.594633,True,-0.025,0.107,9.95,-0.702,0.159,0.85,103.69,0,True
50500,38.57,38.87,12.971594,77.594684,True,-0.273,0.121,9.652,-0.656,-0.9,-0.385,179.37,0,True
50600,39.82,39.17,12.971618,77.594664,True,-0.236,-0.002,9.92,-0.559,0.609,-0.148,181.15,0,True
50700,41.93,42.29,12.971565,77.594695,True,0.046,-0.218,9.935,0.586,0.528,0.186,133.55,0,True
50800,38.48,37.77,12.971583,77.594639,True,0.032,-0.037,9.97,-0.919,-0.8,0.695,161.24,0,True
50900,41.11,40.14,12.971597,77.594501,True,-0.192,-0.247,9.861,0.774,-0.168,0.615,177.26,0,True
51000,40.77,40.18,12.971628,77.594605,True,-0.053,0.263,9.844,-0.925,-0.64,-0.0,195.03,0,True
51100,40.51,41.07,12.97157,77.594501,True,-0.159,-0.229,9.812,-0.809,-0.276,0.522,153.97,0,True
51200,38.88,39.42,12.971632,77.594555,True,-0.184,0.178,9.874,0.937,-0.051,-0.647,167.01,0,True
51300,38.17,38.46,12.971557,77.594587,True,-0.099,0.183,9.903,-0.913,0.481,0.85,117.59,0,True
51400,41.14,41.11,12.971523,77.594679,True,0.133,0.056,9.73,-0.602,0.354,-0.349,177.9,0,True
51500,39.3,38.5,12.971648,77.594674,True,-0.075,-0.168,9.788,-0.031,0.781,-0.71,192.79,0,True
51600,39.82,39.59,12.971527,77.594644,True,0.079,0.285,9.681,-0.746,0.384,-0.881,113.65,0,True
51700,41.41,41.32,12.971534,77.594569,True,0.232,0.062,9.916,0.276,0.223,-0.66,197.01,0,True
51800,41.42,40.59,12.971671,77.594598,True,0.297,0.055,9.935,-0.442,0.46,0.472,124.67,0,True
51900,39.31,39.47,12.971678,77.594618,True,-0.211,0.044,9.602,0.96,-0.92,-0.059,176.86,0,True
52000,38.13,38.2,12.971596,77.59466,True,0.193,-0.029,9.696,0.117,-0.975,0.464,194.99,0,True
52100,38.53,38.12,12.97163,77.594518,True,-0.012,-0.117,9.881,0.716,0.495,-0.951,145.48,0,True
52200,41.09,41.84,12.971581,77.594658,True,-0.078,-0.021,9.853,0.721,-0.859,0.787,133.29,0,True
52300,38.13,37.98,12.971554,77.594689,True,0.025,0.177,9.915,-0.838,0.762,0.472,105.48,0,True
52400,41.78,42.13,12.971678,77.594522,True,-0.081,0.071,9.746,-0.649,0.118,-0.866,170.93,0,True
52500,38.82,39.78,12.971548,77.594523,True,-0.013,0.263,9.832,0.918,-0.58,0.49,122.54,0,True
52600,39.41,38.95,12.971636,77.594555,True,-0.262,-0.093,9.794,0.053,-0.755,0.42,167.83,0,True
52700,40.13,39.72,12.971624,77.59466,True,0.267,0.185,9.976,-0.869,0.784,-0.084,108.02,0,True
52800,41.59,41.17,12.971691,77.594522,True,-0.134,0.118,9.799,0.75,0.041,0.255,129.32,0,True
52900,41.88,41.96,12.971526,77.594569,True,-0.034,0.087,9.717,-0.874,0.744,-0.535,194.74,0,True
53000,40.58,40.4,12.971569,77.594629,True,-0.104,0.056,9.879,0.684,-0.109,-0.392,113.2,0,True
53100,41.16,40.5,12.971552,77.594597,True,0.282,0.162,9.619,-0.294,-0.088,-0.667,192.41,0,True
53200,40.85,40.42,12.971695,77.594668,True,0.116,0.1,9.661,-0.524,-0.918,-0.367,112.65,0,True
53300,39.04,38.41,12.971612,77.594507,True,-0.11,-0.094,9.749,0.08,-0.675,-0.397,192.04,0,True
53400,39.62,39.62,12.971529,77.594592,True,-0.108,-0.297,9.895,0.951,-0.337,0.411,147.39,0,True
53500,39.16,40.05,12.971696,77.594615,True,-0.212,0.039,9.963,-0.116,0.378,0.463,190.02,0,True
53600,38.56,38.66,12.971562,77.59458,True,0.205,-0.032,9.637,-0.89,0.283,0.167,122.21,0,True
53700,41.74,41.3,12.971505,77.594608,True,-0.033,0.103,9.635,0.024,-0.611,-0.364,160.51,0,True
53800,41.77,42.59,12.971572,77.59453,True,0.212,-0.078,9.749,-0.431,-0.297,0.955,187.43,0,True
53900,38.35,38.81,12.971589,77.594699,True,0.182,-0.127,9.922,0.941,-0.152,0.793,113.96,0,True
54000,40.35,39.52,12.971542,77.594595,True,0.221,0.292,9.626,0.92,0.512,-0.823,140.95,0,True
54100,41.66,41.49,12.971611,77.594642,True,0.153,-0.218,9.674,-0.236,0.108,-0.916,182.62,0,True
54200,41.34,40.95,12.971612,77.594593,True,-0.284,-0.299,9.705,0.912,0.668,-0.055,165.38,0,True
54300,41.57,41.41,12.971598,77.594638,True,-0.153,-0.228,9.711,0.989,-0.867,0.491,158.11,0,True
54400,40.26,41.0,12.971626,77.594595,True,0.117,-0.228,9.805,0.151,0.691,-0.674,105.85,0,True
54500,39.28,40.04,12.971527,77.594533,True,-0.136,-0.048,9.965,-0.288,-0.42,0.059,193.63,0,True
54600,40.06,40.59,12.971537,77.594519,True,0.152,0.026,9.949,0.654,0.37,-0.398,168.54,0,True
54700,40.75,39.95,12.971616,77.594665,True,-0.292,0.011,9.749,-0.03,-0.319,0.822,110.24,0,True
54800,38.62,38.06,12.971538,77.594679,True,0.068,0.199,9.81,0.064,0.102,0.513,111.4,0,True
54900,39.84,38.99,12.971664,77.594685,True,-0.012,-0.113,9.745,0.634,0.779,0.195,176.36,0,True
55000,39.37,39.79,12.971506,77.594663,True,-0.167,0.214,9.657,-0.547,-0.749,-0.74,107.86,0,True
55100,40.76,41.33,12.971516,77.594655,True,0.154,-0.274,9.643,0.586,0.027,-0.881,111.89,0,True
55200,39.01,38.14,12.971634,77.594651,True,0.169,0.252,9.682,0.802,-0.63,-0.297,109.08,0,True
55300,41.38,42.27,12.97169,77.59457,True,-0.204,0.0,9.891,-0.516,0.14,-0.802,157.81,0,True
55400,38.06,37.49,12.971538,77.594556,True,0.241,0.022,9.989,-0.803,-0.572,0.008,170.78,0,True
55500,39.47,39.64,12.971588,77.594692,True,-0.191,-0.087,9.752,-0.571,-0.545,-0.774,198.46,0,True
55600,38.49,37.72,12.971527,77.594652,True,0.123,0.034,9.616,-0.344,-0.769,-0.433,160.04,0,True
55700,39.25,40.2,12.971589,77.594611,True,-0.126,0.213,9.676,-0.861,0.682,-0.049,167.91,0,True
55800,38.72,39.71,12.971598,77.594521,True,-0.037,0.095,9.634,-0.713,-0.199,0.181,110.17,0,True
55900,41.7,42.66,12.971513,77.594695,True,-0.097,0.057,9.996,-0.754,0.676,0.45,127.85,0,True
56000,40.85,41.02,12.971555,77.594658,True,0.086,-0.06,9.79,0.206,-0.191,-0.031,127.89,0,True
56100,41.07,40.29,12.97155,77.594599,True,0.077,-0.219,9.64,-0.894,-0.864,0.356,197.21,0,True
56200,39.53,39.89,12.971531,77.594624,True,-0.242,-0.254,9.901,0.535,0.585,-0.596,166.21,0,True
56300,39.96,39.48,12.971569,77.594672,True,0.028,0.272,9.613,-0.139,0.83,-0.233,131.46,0,True
56400,39.51,39.42,12.971507,77.594611,True,0.216,-0.118,9.882,-0.017,-0.731,0.431,148.75,0,True
56500,38.44,38.79,12.971632,77.594637,True,0.043,-0.014,9.942,0.013,-0.217,-0.011,197.09,0,True
56600,40.47,40.17,12.971696,77.594564,True,-0.283,-0.273,9.935,-0.302,0.484,-0.946,189.13,0,True
56700,39.37,38.56,12.971569,77.594571,True,-0.089,0.097,9.699,0.296,0.185,0.821,106.55,0,True
56800,39.22,38.89,12.971504,77.594565,True,-0.023,0.218,9.827,0.803,-0.467,0.392,158.8,0,True
56900,41.94,41.7,12.971578,77.594615,True,0.185,-0.24,9.87,-0.328,0.006,0.53,133.95,0,True
57000,40.46,40.19,12.971587,77.594599,True,0.208,0.172,9.936,0.072,-0.425,-0.905,199.62,0,True
57100,39.61,39.06,12.971649,77.594518,True,0.207,-0.243,9.735,-0.865,0.602,-0.049,120.97,0,True
57200,41.18,41.49,12.97156,77.594661,True,-0.04,0.024,9.68,-0.195,0.25,-0.094,176.34,0,True
57300,38.72,37.76,12.971641,77.594673,True,0.046,-0.172,9.985,0.484,-0.065,0.874,153.27,0,True
57400,40.46,41.0,12.971587,77.594613,True,0.076,0.013,9.746,-0.705,-0.699,0.371,130.03,0,True
57500,39.74,39.38,12.971666,77.594513,True,-0.178,-0.053,9.929,0.292,-0.487,0.202,140.59,0,True
57600,38.45,37.84,12.971549,77.594665,True,-0.022,0.036,9.774,0.294,-0.926,-0.681,113.64,0,True
57700,39.03,39.64,12.971632,77.594535,True,0.212,0.278,9.794,-0.96,0.719,-0.832,160.16,0,True
57800,41.47,42.27,12.971581,77.594573,True,0.094,-0.246,9.977,0.448,-0.719,-0.776,173.45,0,True
57900,41.73,41.78,12.971666,77.59469,True,0.259,-0.149,9.954,-0.524,-0.755,0.613,132.93,0,True
58000,40.34,40.12,12.97165,77.594547,True,-0.046,-0.213,9.67,0.94,-0.121,-0.491,158.95,0,True
58100,39.96,39.71,12.97169,77.594563,True,-0.046,0.11,9.985,0.759,0.874,-0.274,171.57,0,True
58200,41.29,40.33,12.971693,77.594621,True,0.205,0.097,9.976,0.381,0.578,-0.521,155.27,0,True
58300,39.24,40.15,12.971573,77.594662,True,-0.227,0.22,9.943,-0.223,0.82,-0.214,197.8,0,True
58400,39.02,38.2,12.971665,77.594547,True,-0.174,0.234,9.966,0.263,0.759,0.533,140.63,0,True
58500,38.14,38.87,12.971665,77.594688,True,-0.017,-0.052,9.936,0.435,0.754,0.64,182.44,0,True
58600,40.79,40.81,12.97157,77.59462,True,0.188,0.143,9.781,-0.945,-0.896,0.283,163.02,0,True
58700,41.16,40.44,12.97158,77.594626,True,-0.112,-0.251,9.663,0.033,0.939,0.661,176.32,0,True
58800,41.39,41.76,12.971659,77.594564,True,-0.013,0.141,9.704,0.375,0.654,0.599,119.87,0,True
58900,39.66,39.02,12.971675,77.594689,True,0.231,-0.165,9.979,0.846,0.294,0.253,190.68,0,True
59000,41.9,41.29,12.97164,77.594534,True,-0.059,-0.043,9.704,-0.822,-0.264,0.894,111.74,0,True
59100,40.87,40.74,12.971684,77.594591,True,0.104,-0.229,9.885,-0.619,0.724,0.564,128.8,0,True
59200,39.98,39.24,12.971671,77.59462,True,0.297,-0.13,9.871,-0.163,-0.183,-0.708,129.02,0,True
59300,39.05,39.28,12.971681,77.594574,True,0.111,-0.025,9.604,-0.734,-0.354,0.386,168.69,0,True
59400,40.85,41.27,12.971647,77.594551,True,-0.243,-0.265,9.733,-0.53,0.816,0.993,193.93,0,True
59500,41.87,42.07,12.97165,77.594509,True,-0.148,0.072,9.721,-0.211,-0.258,0.936,155.96,0,True
59600,40.32,39.84,12.971601,77.594686,True,0.227,-0.221,9.727,0.061,-0.716,-0.766,104.42,0,True
59700,38.51,39.25,12.971667,77.59465,True,0.256,-0.13,9.951,0.226,0.523,-0.472,131.3,0,True
59800,41.57,41.2,12.971699,77.594653,True,-0.209,0.212,9.863,0.596,-0.894,-0.703,122.99,0,True
59900,38.14,37.66,12.971641,77.594587,True,0.297,0.256,9.616,-0.287,0.418,-0.03,149.3,0,True
60000,41.38,42.12,12.971525,77.594519,True,0.221,-0.192,9.667,0.017,-0.454,0.782,158.57,0,True
60100,40.33,41.28,12.971605,77.594614,True,-0.05,-0.254,9.907,0.354,0.775,-0.948,168.13,0,True
60200,40.72,40.51,12.971618,77.59469,True,0.202,-0.208,9.632,0.661,0.319,-0.092,195.52,0,True
60300,40.38,39.39,12.971694,77.594631,True,0.271,-0.105,9.893,0.469,0.915,0.138,121.14,0,True
60400,38.19,38.48,12.971565,77.594511,True,-0.258,0.271,9.753,-0.202,-0.644,0.93,186.55,0,True
60500,38.36,39.06,12.971533,77.594656,True,-0.129,0.152,9.862,-0.759,-0.018,-0.135,180.64,0,True
60600,39.24,39.61,12.971526,77.594633,True,0.199,0.008,9.796,0.771,-0.047,0.126,142.31,0,True
60700,41.03,41.65,12.971623,77.594587,True,-0.044,-0.276,9.737,-0.073,-0.552,0.372,115.51,0,True
60800,39.98,40.24,12.971605,77.594558,True,-0.038,0.244,9.791,-0.703,-0.744,0.806,184.15,0,True
60900,40.09,39.68,12.97151,77.594515,True,-0.273,-0.235,9.77,-0.811,0.322,0.137,125.34,0,True
61000,39.02,38.18,12.971601,77.594523,True,0.097,-0.192,9.673,-0.214,-0.833,0.754,129.76,0,True
61100,40.35,40.26,12.971634,77.594625,True,-0.141,0.28,9.949,-0.626,-0.63,0.494,160.41,0,True
61200,41.49,40.7,12.971607,77.594501,True,-0.23,-0.197,9.791,0.384,0.738,0.932,160.19,0,True
61300,39.95,40.18,12.971695,77.594572,True,0.104,0.114,9.758,-0.395,-0.75,-0.972,111.19,0,True
61400,38.06,39.0,12.971672,77.594542,True,0.089,0.09,9.774,0.252,0.58,-0.618,130.09,0,True
61500,39.85,39.8,12.971504,77.594533,True,-0.209,0.122,9.986,-0.057,0.72,0.17,120.13,0,True
61600,40.28,40.95,12.97151,77.594502,True,0.078,0.128,9.992,0.697,0.474,0.192,155.43,0,True
61700,39.16,39.14,12.971597,77.594618,True,0.067,0.107,9.927,-0.024,0.429,0.057,142.2,0,True
61800,39.26,38.39,12.971679,77.594583,True,-0.016,-0.003,9.976,-0.306,0.395,-0.958,128.8,0,True
61900,38.77,38.46,12.971546,77.594544,True,0.245,-0.097,9.841,0.685,0.314,-0.738,129.34,0,True
62000,40.85,41.77,12.971667,77.594635,True,0.141,0.178,9.92,0.689,0.244,-0.435,174.93,0,True
62100,40.67,39.93,12.97154,77.594621,True,-0.239,-0.05,9.998,-0.393,-0.581,-0.906,101.81,0,True
62200,41.52,41.24,12.971532,77.594666,True,0.237,-0.281,9.625,-0.139,0.235,-0.759,122.41,0,True
62300,39.03,38.71,12.971571,77.594509,True,0.227,-0.14,9.66,0.38,0.031,0.339,170.64,0,True
62400,41.71,41.58,12.971591,77.594668,True,-0.233,-0.236,9.844,0.564,0.895,0.647,104.2,0,True
62500,38.42,38.68,12.971674,77.594682,True,-0.206,-0.125,9.777,0.012,0.465,-0.801,164.71,0,True
62600,39.34,38.61,12.97167,77.594588,True,-0.051,0.161,9.698,0.618,-0.317,0.01,108.52,0,True
62700,39.49,40.0,12.971572,77.594633,True,-0.209,0.152,9.769,-0.544,0.604,-0.173,140.93,0,True
62800,39.84,40.54,12.971659,77.594572,True,-0.282,-0.213,9.604,0.612,0.887,-0.83,131.48,0,True
62900,41.93,41.26,12.971512,77.594652,True,0.096,0.085,9.961,-0.884,0.263,0.427,166.04,0,True
63000,40.08,39.67,12.97158,77.594636,True,0.032,-0.117,9.897,0.818,-0.984,-0.44,152.78,0,True
63100,41.68,42.08,12.971589,77.594541,True,0.027,0.173,9.861,0.395,0.775,0.563,140.45,0,True
63200,38.79,38.39,12.971507,77.594567,True,0.135,0.144,9.65,0.984,-0.432,-0.814,155.18,0,True
63300,40.09,40.6,12.971532,77.594506,True,0.178,0.056,9.697,0.548,0.453,0.974,111.04,0,True
63400,38.24,37.99,12.971625,77.594571,True,-0.271,0.091,9.65,-0.404,0.474,-0.094,198.3,0,True
63500,41.22,42.2,12.971613,77.594679,True,0.077,0.02,9.838,-0.299,-0.431,0.57,171.49,0,True
63600,40.69,41.12,12.971604,77.59455,True,-0.103,0.049,9.929,-0.277,-0.804,0.423,182.84,0,True
63700,38.33,37.45,12.971678,77.594595,True,-0.032,-0.078,9.811,0.176,0.038,-0.21,126.37,0,True
63800,40.0,39.84,12.971588,77.594686,True,-0.006,0.284,9.93,-0.711,-0.746,0.422,112.94,0,True
63900,40.82,41.54,12.971524,77.594543,True,-0.016,0.148,9.978,-0.261,0.904,0.203,140.86,0,True
64000,38.48,38.63,12.971508,77.594531,True,-0.077,0.295,9.721,-0.028,0.582,-0.716,158.96,0,True
64100,38.19,38.98,12.971678,77.594543,True,0.191,-0.007,9.649,-0.303,0.741,-0.165,157.31,0,True
64200,40.26,41.06,12.971656,77.594595,True,0.132,0.063,9.905,0.01,-0.078,-0.1,144.91,0,True
64300,41.47,41.12,12.97166,77.594633,True,-0.054,-0.16,9.758,0.082,0.916,0.78,173.59,0,True
64400,40.58,41.32,12.971641,77.594614,True,0.178,0.124,9.824,-0.752,0.119,-0.615,161.87,0,True
64500,40.31,39.41,12.971614,77.594538,True,-0.014,0.238,9.648,0.872,-0.641,-0.962,178.68,0,True
64600,38.98,39.39,12.971678,77.594589,True,0.184,0.064,9.761,-0.91,0.724,-0.953,143.7,0,True
64700,39.66,40.38,12.971563,77.594551,True,-0.231,-0.24,9.667,-0.712,-0.489,-0.821,130.68,0,True
64800,39.63,38.97,12.971623,77.594565,True,-0.284,-0.265,9.756,-0.36,-0.174,-0.352,137.55,0,True
64900,41.31,40.55,12.971541,77.59465,True,0.052,-0.004,9.901,-0.23,-0.77,-0.879,146.48,0,True
65000,39.63,39.6,12.971581,77.594547,True,0.232,-0.139,9.985,0.35,-0.507,0.109,178.52,0,True
65100,39.22,39.03,12.971517,77.594627,True,-0.178,0.281,9.749,0.971,0.564,0.075,142.38,0,True
65200,41.65,41.55,12.9715,77.594593,True,0.198,-0.126,9.989,-0.999,0.867,-0.036,159.79,0,True
65300,41.36,41.12,12.97157,77.594626,True,0.051,0.006,9.618,0.478,0.126,-0.399,139.53,0,True
65400,38.49,37.77,12.971611,77.594556,True,-0.041,0.066,9.983,-0.363,0.364,-0.315,126.14,0,True
65500,41.01,40.92,12.971549,77.594697,True,-0.095,-0.024,9.84,-0.968,0.384,0.293,100.2,0,True
65600,39.91,40.71,12.971635,77.594583,True,0.237,0.122,9.905,0.076,0.575,0.298,107.75,0,True
65700,38.12,38.79,12.971634,77.594634,True,-0.088,0.188,9.931,-0.284,-0.646,0.536,169.7,0,True
65800,38.03,37.96,12.971687,77.594589,True,-0.167,-0.288,9.712,0.843,-0.284,-0.82,161.34,0,True
65900,39.21,39.65,12.971547,77.594599,True,-0.082,-0.132,9.962,0.414,-0.582,-0.608,182.11,0,True
66000,39.58,40.32,12.971614,77.594599,True,0.031,0.096,9.826,0.365,0.13,-0.869,112.82,0,True
66100,38.26,37.78,12.971614,77.594546,True,0.014,0.169,9.677,0.356,0.984,0.386,153.29,0,True
66200,39.01,39.13,12.971591,77.594688,True,0.085,0.266,9.621,0.878,-0.135,0.99,127.4,0,True
66300,40.72,40.65,12.971572,77.594652,True,0.23,-0.165,9.711,-0.16,-0.102,-0.99,119.46,0,True
66400,38.33,38.47,12.971505,77.594647,True,0.287,-0.046,9.63,-0.5,-0.671,-0.378,162.6,0,True
66500,38.39,38.35,12.971662,77.594619,True,0.076,-0.099,9.7,-0.784,-0.523,-0.318,105.44,0,True
66600,39.33,39.92,12.971689,77.594655,True,0.072,0.158,9.85,0.158,-0.829,-0.879,103.33,0,True
66700,39.25,39.95,12.971513,77.594526,True,0.251,-0.035,9.721,0.252,-0.868,0.355,155.93,0,True
66800,39.18,38.94,12.971519,77.59465,True,-0.16,0.06,9.864,-0.979,-0.232,0.59,187.99,0,True
66900,40.48,40.16,12.971688,77.594657,True,-0.028,-0.103,9.677,-0.795,0.19,-0.865,178.94,0,True
67000,38.77,38.92,12.971627,77.594551,True,-0.047,0.135,9.778,-0.514,0.594,-0.879,131.17,0,True
67100,39.74,40.66,12.971651,77.594562,True,0.231,0.165,9.659,-0.383,-0.314,-0.262,100.81,0,True
67200,40.35,40.7,12.971511,77.594601,True,0.201,0.215,9.769,-0.609,-0.599,0.817,178.53,0,True
67300,39.37,39.7,12.971639,77.594696,True,0.06,-0.101,9.831,0.926,0.232,-0.163,116.23,0,True
67400,39.82,40.4,12.971508,77.594544,True,-0.298,-0.166,9.692,0.248,-0.522,0.469,195.26,0,True
67500,39.33,39.81,12.971541,77.594537,True,0.294,-0.082,9.629,-0.94,-0.77,-0.419,119.44,0,True
67600,40.34,40.87,12.971509,77.594506,True,-0.181,-0.196,9.954,0.438,-0.32,0.109,117.85,0,True
67700,38.09,38.77,12.971682,77.594504,True,0.106,-0.073,9.915,-0.778,0.872,-0.39,124.01,0,True
67800,41.24,41.56,12.971688,77.594695,True,0.299,0.229,9.951,-0.869,-0.711,0.848,179.49,0,True
67900,38.77,38.52,12.971575,77.59462,True,0.286,-0.153,9.618,0.232,-0.622,0.071,178.96,0,True
68000,39.31,38.42,12.971659,77.594675,True,0.211,0.281,9.954,-0.582,-0.837,-0.059,166.35,0,True
68100,38.26,38.28,12.97165,77.594629,True,0.005,-0.001,9.786,-0.356,-0.252,0.389,171.56,0,True
68200,39.98,39.52,12.97158,77.594684,True,0.05,-0.278,9.688,-0.594,0.726,-0.208,130.6,0,True
68300,41.55,41.7,12.971687,77.594575,True,0.03,-0.219,9.634,-0.111,-0.297,0.168,146.53,0,True
68400,40.48,40.34,12.971594,77.594582,True,0.183,-0.11,9.753,-0.641,-0.532,0.291,135.91,0,True
68500,38.33,39.01,12.971603,77.594629,True,0.172,0.256,9.639,-0.857,-0.923,-0.599,119.66,0,True
68600,39.32,38.92,12.971663,77.594637,True,-0.135,0.123,9.999,0.997,0.505,0.48,191.24,0,True
68700,38.03,37.63,12.971664,77.594657,True,-0.058,-0.057,9.832,0.311,-0.056,0.025,176.12,0,True
68800,38.6,38.39,12.971545,77.59465,True,-0.015,0.009,9.914,0.515,0.445,-0.077,179.19,0,True
68900,39.25,38.63,12.971654,77.59464,True,-0.174,-0.03,9.823,-0.251,0.155,-0.743,194.34,0,True
69000,38.04,38.66,12.971667,77.594568,True,-0.049,0.111,9.761,0.557,0.075,-0.348,102.32,0,True
69100,41.14,41.99,12.971531,77.594691,True,-0.102,0.078,9.841,0.216,0.734,0.96,120.42,0,True
69200,39.56,39.63,12.971538,77.594522,True,0.042,-0.029,9.958,-0.814,-0.791,0.106,103.21,0,True
69300,40.76,40.73,12.971537,77.594514,True,0.278,-0.13,9.693,0.319,-0.86,-0.885,151.85,0,True
69400,38.69,39.41,12.971582,77.594531,True,-0.234,0.022,9.791,-0.862,0.91,0.731,112.99,0,True
69500,38.82,38.69,12.971642,77.594595,True,0.062,0.263,9.835,0.005,0.37,-0.449,100.74,0,True
69600,38.57,37.7,12.97158,77.594662,True,0.016,0.246,9.952,-0.08,0.152,0.475,128.79,0,True
69700,41.52,41.44,12.97164,77.594642,True,-0.122,0.068,9.924,-0.65,-0.502,0.8,173.32,0,True
69800,39.83,40.65,12.971537,77.594614,True,-0.064,0.267,9.696,0.741,-0.452,0.256,129.19,0,True
69900,41.67,42.06,12.971644,77.594543,True,-0.004,0.295,9.821,0.991,-0.847,-0.79,176.65,0,True
70000,39.3,39.21,12.971551,77.594601,True,-0.023,-0.256,9.878,0.499,-0.238,0.492,185.58,0,True
70100,39.59,38.61,12.971523,77.594683,True,-0.104,0.149,9.794,-0.864,0.097,-0.515,195.0,0,True
70200,38.56,39.2,12.971668,77.594534,True,-0.289,-0.24,9.718,0.069,-0.218,-0.845,176.36,0,True
70300,40.71,40.02,12.971572,77.594543,True,-0.279,0.105,9.686,0.393,0.673,0.623,164.1,0,True
70400,40.87,41.66,12.971578,77.594562,True,-0.269,-0.297,9.909,0.534,0.858,-0.251,123.85,0,True
70500,38.37,38.21,12.971698,77.594567,True,-0.185,0.101,9.688,0.765,0.594,0.661,116.79,0,True
70600,38.67,38.5,12.971522,77.594565,True,0.037,-0.186,9.683,0.083,0.878,-0.758,121.38,0,True
70700,39.43,38.77,12.97158,77.594563,True,-0.066,-0.025,9.626,0.63,0.3,-0.262,106.73,0,True
70800,38.87,38.48,12.97162,77.594697,True,-0.239,0.022,9.996,0.701,-0.657,0.918,159.99,0,True
70900,41.93,42.32,12.971636,77.594694,True,0.116,-0.101,9.854,0.768,-0.364,0.703,148.21,0,True
71000,39.34,39.56,12.971617,77.594576,True,0.084,-0.161,9.835,0.977,-0.535,0.233,189.68,0,True
71100,39.24,39.71,12.971651,77.594624,True,-0.264,-0.075,9.719,-0.697,-0.591,-0.924,192.34,0,True
71200,40.39,41.28,12.971648,77.594566,True,-0.133,0.086,9.904,0.042,0.955,0.296,128.85,0,True
71300,38.09,38.79,12.971566,77.594548,True,0.024,0.244,9.866,-0.503,0.375,0.439,160.81,0,True
71400,39.53,39.17,12.971588,77.594501,True,0.222,-0.258,9.677,0.269,-0.717,-0.592,109.18,0,True
71500,40.37,41.03,12.971686,77.594547,True,-0.253,0.135,9.725,0.443,-0.51,-0.647,124.9,0,True
71600,39.14,39.04,12.971627,77.594554,True,0.169,-0.252,9.989,-0.204,-0.664,-0.117,150.53,0,True
71700,40.94,41.46,12.971664,77.594659,True,-0.288,-0.071,9.942,0.518,0.843,0.19,115.28,0,True
71800,40.91,40.42,12.971593,77.594591,True,-0.075,0.064,9.629,-0.727,-0.061,-0.691,118.96,0,True
71900,38.05,38.05,12.971645,77.594598,True,0.255,0.264,9.988,-0.254,-0.021,0.282,158.83,0,True
72000,39.64,38.71,12.971684,77.594577,True,0.039,-0.183,9.775,-0.489,0.826,0.444,150.96,0,True
72100,39.95,40.33,12.971639,77.59463,True,0.256,0.141,9.697,-0.931,0.626,0.262,167.64,0,True
72200,40.79,41.08,12.971552,77.594591,True,0.109,-0.147,9.841,0.904,0.683,-0.975,177.1,0,True
72300,40.58,41.41,12.97158,77.594617,True,0.241,0.011,9.676,-0.154,0.659,-0.494,130.22,0,True
72400,41.87,42.19,12.971577,77.594562,True,-0.053,0.226,9.891,-0.822,0.272,0.553,134.44,0,True
72500,38.57,39.07,12.971686,77.59458,True,-0.115,0.292,9.927,-0.997,-0.86,0.393,152.5,0,True
72600,40.62,41.08,12.971534,77.594575,True,0.122,-0.181,9.673,0.897,-0.099,0.629,118.56,0,True
72700,38.24,37.6,12.971652,77.594552,True,0.241,-0.055,9.851,0.249,0.737,-0.668,129.31,0,True
72800,39.51,39.06,12.971568,77.594617,True,-0.013,0.104,9.64,-0.878,0.504,-0.986,158.24,0,True
72900,41.95,41.14,12.971604,77.594501,True,0.062,0.292,9.905,0.864,-0.054,-0.326,142.95,0,True
73000,39.48,40.26,12.9717,77.594663,True,0.265,0.099,9.751,-0.886,-0.288,-0.339,110.02,0,True
73100,39.83,40.22,12.971645,77.594678,True,-0.217,0.061,9.948,-0.441,0.399,0.63,136.84,0,True
73200,40.47,40.79,12.971595,77.594583,True,-0.187,0.292,9.983,0.625,-0.967,-0.28,104.58,0,True
73300,41.23,40.88,12.971589,77.594621,True,-0.06,0.068,9.633,-0.144,0.863,0.862,198.69,0,True
73400,41.43,42.24,12.971647,77.594559,True,-0.183,-0.214,9.808,0.144,0.714,0.009,112.79,0,True
73500,41.19,40.79,12.971635,77.59461,True,0.225,-0.199,9.779,-0.769,0.325,-0.518,121.16,0,True
73600,41.01,41.33,12.971518,77.594587,True,0.129,-0.204,9.972,0.805,0.533,-0.559,125.76,0,True
73700,39.91,40.7,12.971525,77.594527,True,0.021,0.135,9.636,0.384,0.744,0.864,176.63,0,True
73800,40.4,40.69,12.971575,77.594643,True,0.142,-0.071,9.857,0.124,0.712,0.617,122.36,0,True
73900,38.46,37.64,12.971518,77.594648,True,0.262,0.147,9.646,-0.265,0.707,0.908,157.69,0,True
74000,38.01,37.13,12.971607,77.594669,True,0.288,-0.108,9.746,0.359,0.593,0.04,160.16,0,True
74100,38.89,38.68,12.971608,77.594592,True,-0.213,0.266,9.935,-0.0,-0.088,0.203,114.59,0,True
74200,40.66,41.26,12.971641,77.59462,True,-0.115,0.294,9.649,0.994,0.413,-0.043,182.87,0,True
74300,39.98,40.39,12.971575,77.594696,True,-0.1,0.197,9.684,0.465,0.621,0.401,105.26,0,True
74400,41.46,40.82,12.971598,77.594578,True,0.291,0.096,9.939,0.982,0.096,-0.325,167.79,0,True
74500,41.96,42.48,12.971578,77.594606,True,-0.13,0.118,9.678,0.713,-0.212,-0.738,175.23,0,True
74600,40.32,40.93,12.97167,77.594642,True,-0.025,-0.202,9.655,0.392,-0.418,-0.71,121.81,0,True
74700,40.99,41.46,12.971502,77.594645,True,0.045,0.107,9.995,-0.705,0.901,-0.146,184.17,0,True
74800,41.7,40.9,12.971695,77.594536,True,-0.269,0.288,9.86,0.187,0.939,0.254,140.4,0,True
74900,38.14,37.62,12.971598,77.594638,True,0.273,0.092,9.75,0.384,0.591,0.317,177.77,0,True
75000,41.46,41.76,12.971555,77.594631,True,-0.08,-0.228,9.633,-0.022,0.338,0.019,102.3,0,True
75100,40.29,40.44,12.971555,77.594649,True,0.177,-0.191,9.794,0.289,-0.133,0.143,109.94,0,True
75200,38.25,39.07,12.971659,77.594537,True,0.188,-0.288,9.822,0.073,0.624,-0.023,151.89,0,True
75300,40.34,40.77,12.971658,77.594525,True,0.152,0.279,9.959,-0.639,0.198,-0.64,155.47,0,True
75400,41.2,40.45,12.971526,77.594541,True,-0.203,0.037,9.941,-0.93,0.96,0.012,136.36,0,True
75500,40.18,40.02,12.971689,77.5945,True,-0.12,0.268,9.808,0.566,0.318,-0.11,157.71,0,True
75600,40.78,40.83,12.971697,77.59457,True,0.023,-0.174,9.64,0.64,-0.526,-0.624,129.97,0,True
75700,41.33,42.25,12.97162,77.594543,True,-0.085,-0.223,9.849,-0.851,-0.49,-0.236,190.37,0,True
75800,39.6,38.77,12.971551,77.594585,True,0.117,0.022,9.628,0.465,0.991,0.394,119.26,0,True
75900,39.49,39.8,12.971664,77.594621,True,-0.048,-0.208,9.997,-0.133,-0.948,0.207,107.75,0,True
76000,38.5,37.72,12.97161,77.594513,True,0.084,-0.082,9.733,-0.453,0.738,-0.548,100.99,0,True
76100,39.51,40.45,12.971576,77.594521,True,0.255,-0.195,9.891,-0.387,0.643,-0.021,152.9,0,True
76200,40.8,41.53,12.97161,77.594621,True,0.238,-0.198,9.979,-0.221,-0.31,0.483,196.8,0,True
76300,40.13,40.32,12.97167,77.594595,True,-0.223,-0.294,9.805,-0.689,-0.747,-0.242,173.54,0,True
76400,38.21,38.66,12.971695,77.594642,True,-0.151,0.065,9.883,-0.634,0.972,0.597,150.22,0,True
76500,39.1,38.96,12.971688,77.594676,True,0.188,-0.117,9.943,0.895,-0.187,-0.375,109.01,0,True
76600,38.32,38.78,12.971689,77.594533,True,-0.266,0.146,9.822,-0.014,0.749,0.924,142.4,0,True
76700,40.03,40.5,12.971596,77.594603,True,0.299,0.233,9.879,-0.189,0.233,0.822,174.59,0,True
76800,40.86,41.26,12.97165,77.594549,True,0.143,0.271,9.929,0.761,0.056,0.218,160.74,0,True
76900,41.86,42.21,12.971676,77.594605,True,-0.165,-0.255,9.936,0.027,0.905,-0.155,137.91,0,True
77000,39.49,38.72,12.971683,77.59455,True,0.023,0.16,9.647,-0.402,-0.413,-0.574,173.8,0,True
77100,40.28,39.71,12.971561,77.594687,True,0.086,0.195,9.614,-0.074,0.235,-0.023,135.57,0,True
77200,40.46,40.12,12.971571,77.594501,True,0.234,-0.188,9.742,-0.797,-0.016,-0.831,151.43,0,True
77300,38.61,37.86,12.971597,77.594531,True,0.094,-0.164,9.758,-0.401,-0.143,-0.636,181.15,0,True
77400,38.43,38.31,12.971668,77.594532,True,-0.088,-0.04,9.744,0.741,-0.603,-0.621,104.03,0,True
77500,39.58,40.07,12.97168,77.594532,True,-0.181,-0.012,9.866,-0.468,-0.158,0.1,179.98,0,True
77600,40.86,40.51,12.971653,77.594676,True,0.001,0.254,9.937,-0.222,-0.781,-0.784,102.12,0,True
77700,38.62,38.62,12.971653,77.594547,True,0.107,-0.095,9.991,0.475,-0.131,-0.421,148.59,0,True
77800,41.04,40.54,12.97153,77.594602,True,-0.15,0.16,9.946,0.989,-0.505,0.641,119.84,0,True
77900,40.83,41.45,12.97164,77.5946,True,-0.191,0.296,9.836,0.269,-0.541,-0.735,103.84,0,True
78000,41.96,42.82,12.971585,77.594623,True,-0.245,-0.269,9.763,-0.387,0.267,-0.537,133.62,0,True
78100,39.92,39.94,12.971629,77.594561,True,-0.138,-0.132,9.74,-0.164,-0.36,-0.905,104.09,0,True
78200,38.21,38.7,12.971542,77.594594,True,0.245,-0.24,9.674,0.897,-0.273,-0.391,109.69,0,True
78300,38.05,38.16,12.971672,77.594566,True,0.145,-0.083,9.912,0.058,-0.257,0.3,121.0,0,True
78400,39.54,40.31,12.971526,77.594649,True,-0.228,0.052,9.965,0.309,-0.619,0.409,192.55,0,True
78500,38.3,38.39,12.971569,77.594645,True,0.294,-0.179,9.888,-0.912,-0.617,0.101,125.25,0,True
78600,41.51,42.22,12.971681,77.594695,True,0.237,-0.031,9.887,0.822,-0.865,-0.162,193.13,0,True
78700,40.02,39.06,12.97162,77.594639,True,-0.223,-0.273,9.826,0.589,0.388,0.481,139.75,0,True
78800,40.74,41.48,12.971694,77.594533,True,0.15,-0.07,9.912,-0.198,-0.457,-0.632,116.0,0,True
78900,38.87,39.26,12.971676,77.594658,True,-0.027,0.125,9.81,-0.393,-0.559,0.417,155.22,0,True
79000,38.68,37.78,12.971548,77.594508,True,-0.211,0.23,9.971,-0.459,0.581,0.285,124.9,0,True
79100,41.29,41.36,12.9715,77.594569,True,0.063,-0.079,9.633,0.411,0.099,0.444,140.83,0,True
79200,40.45,40.1,12.971511,77.594663,True,0.194,-0.168,9.986,-0.647,0.943,0.075,197.88,0,True
79300,41.11,41.67,12.971521,77.594649,True,-0.071,0.092,9.948,0.269,0.102,0.634,122.06,0,True
79400,39.08,39.24,12.971662,77.594651,True,-0.207,-0.161,9.891,-0.263,0.804,-0.813,118.15,0,True
79500,38.74,39.46,12.971538,77.594598,True,0.138,0.089,9.608,-0.674,-0.645,-0.212,160.78,0,True
79600,38.28,37.42,12.971549,77.594682,True,0.282,-0.24,9.811,0.454,0.616,0.207,137.79,0,True
79700,38.08,38.74,12.971653,77.594629,True,-0.274,-0.151,9.633,-0.715,0.255,-0.973,196.64,0,True
79800,41.83,41.04,12.971647,77.594568,True,0.124,-0.179,9.792,0.126,-0.111,-0.674,133.18,0,True
79900,38.62,37.73,12.971638,77.594625,True,-0.226,0.195,9.641,-0.407,0.023,0.673,114.18,0,True
80000,41.65,40.7,12.971585,77.594529,True,0.093,-0.164,9.952,-0.231,0.768,0.646,111.24,0,True
80100,38.68,37.9,12.97152,77.594691,True,-0.086,0.069,9.647,0.847,0.84,0.791,160.45,0,True
80200,38.71,38.77,12.97162,77.594636,True,-0.21,0.1,9.721,0.635,-0.303,-0.792,191.62,0,True
80300,40.65,41.51,12.971662,77.594642,True,-0.254,-0.299,9.973,-0.703,0.312,-0.359,139.06,0,True
80400,40.89,41.46,12.971596,77.594513,True,0.047,0.276,9.711,-0.819,0.99,-0.636,138.5,0,True
80500,39.28,39.12,12.971639,77.594583,True,0.176,-0.1,9.921,0.308,-0.508,-0.163,149.71,0,True
80600,40.14,40.2,12.971664,77.594577,True,0.049,-0.047,9.831,0.387,0.497,0.406,123.52,0,True
80700,38.01,39.0,12.971503,77.594612,True,0.275,0.253,9.624,-0.301,0.698,0.734,181.9,0,True
80800,39.18,38.47,12.971671,77.594694,True,0.248,-0.155,9.931,-0.888,-0.724,0.924,170.4,0,True
80900,39.51,38.56,12.971693,77.594574,True,0.121,0.098,9.63,0.675,0.741,-0.94,136.52,0,True
81000,38.32,37.47,12.971614,77.594663,True,-0.21,-0.191,9.897,0.496,0.397,-0.401,141.15,0,True
81100,39.35,39.91,12.971639,77.594557,True,-0.206,0.229,9.613,0.502,0.007,-0.978,183.27,0,True
81200,40.72,41.47,12.971611,77.594666,True,0.251,0.001,9.884,-0.153,-0.686,0.946,152.15,0,True
81300,41.91,41.16,12.971542,77.594624,True,-0.169,-0.19,9.898,0.119,0.683,0.633,146.84,0,True
81400,39.25,39.54,12.971665,77.594533,True,0.182,0.088,9.678,-0.783,-0.844,0.206,184.66,0,True
81500,38.11,37.68,12.971608,77.594513,True,0.058,0.154,9.724,0.103,0.277,-0.935,126.92,0,True
81600,41.91,42.04,12.971613,77.594658,True,-0.273,-0.111,9.977,-0.983,-0.287,-0.435,139.81,0,True
81700,38.78,39.28,12.971645,77.594695,True,0.122,-0.242,9.763,0.483,-0.798,0.615,115.02,0,True
81800,40.35,40.11,12.971617,77.59467,True,-0.126,-0.209,9.785,0.77,-0.813,0.437,188.44,0,True
81900,41.23,41.54,12.971654,77.594532,True,0.278,0.01,9.891,0.303,0.86,-0.317,178.54,0,True
82000,39.36,39.08,12.971671,77.594586,True,0.234,0.165,9.755,-0.582,0.221,-0.85,115.24,0,True
82100,40.51,40.51,12.971661,77.594529,True,0.222,0.028,9.988,0.563,-0.826,-0.812,131.37,0,True
82200,41.74,41.06,12.971556,77.594573,True,-0.246,-0.192,9.909,-0.484,-0.053,-0.488,187.67,0,True
82300,40.6,39.88,12.971525,77.594614,True,-0.276,0.215,9.76,0.714,0.834,-0.742,136.67,0,True
82400,41.38,42.28,12.971575,77.594636,True,0.004,-0.142,9.95,0.365,0.241,0.288,174.1,0,True
82500,38.98,39.62,12.971502,77.594671,True,-0.126,-0.205,9.76,-0.854,-0.224,-0.075,109.35,0,True
82600,39.86,40.15,12.97168,77.594593,True,-0.249,0.139,9.967,0.845,0.536,-0.601,132.87,0,True
82700,39.27,40.26,12.971597,77.59464,True,-0.014,-0.133,9.615,-0.689,-0.06,0.28,132.02,0,True
82800,38.13,38.33,12.971576,77.594687,True,-0.083,-0.042,9.789,-0.892,0.736,0.905,168.37,0,True
82900,39.08,39.35,12.971517,77.594514,True,-0.057,-0.121,9.885,0.743,0.05,0.339,125.94,0,True
83000,41.32,40.51,12.97168,77.594568,True,0.152,-0.201,9.74,-0.162,-0.049,0.378,116.07,0,True
83100,40.79,40.5,12.971639,77.594578,True,-0.294,0.17,9.839,-0.844,0.336,0.233,132.37,0,True
83200,41.95,42.82,12.971649,77.594647,True,-0.11,-0.21,9.783,-0.705,0.729,-0.773,197.0,0,True
83300,39.63,39.67,12.971501,77.59459,True,0.2,-0.225,9.78,0.939,-0.805,-0.563,197.9,0,True
83400,39.68,39.77,12.971533,77.594576,True,-0.091,0.271,9.989,0.154,-0.971,0.628,101.62,0,True
83500,41.59,41.59,12.971674,77.59464,True,0.089,-0.026,9.764,-0.296,0.085,0.046,176.51,0,True
83600,38.45,37.81,12.971586,77.594535,True,0.057,0.026,9.753,0.69,0.377,-0.125,128.32,0,True
83700,40.48,41.33,12.971671,77.594699,True,0.184,-0.238,9.86,0.233,-0.177,-0.007,175.17,0,True
83800,41.71,40.91,12.971589,77.594616,True,-0.28,-0.126,9.768,-0.554,-0.091,-0.238,119.56,0,True
83900,39.88,39.13,12.971694,77.594683,True,-0.052,0.192,9.882,0.482,-0.985,-0.251,122.39,0,True
84000,39.13,39.89,12.971553,77.594668,True,0.177,-0.051,9.697,0.8,-0.171,-0.969,115.34,0,True
84100,39.5,40.13,12.971664,77.59462,True,-0.099,0.275,9.997,-0.516,0.947,-0.615,164.44,0,True
84200,41.31,41.92,12.971616,77.594526,True,0.082,0.286,9.669,0.808,0.035,-0.125,109.96,0,True
84300,41.2,41.21,12.971626,77.594657,True,0.206,0.076,9.704,0.106,0.897,-0.592,109.33,0,True
84400,39.75,40.01,12.971619,77.594506,True,0.125,0.252,9.632,-0.235,0.485,-0.739,145.37,0,True
84500,40.53,40.24,12.971548,77.59468,True,-0.122,0.021,9.698,0.56,0.572,0.541,165.93,0,True
84600,39.1,39.97,12.971625,77.594628,True,0.048,-0.238,9.784,0.192,-0.786,-0.435,189.46,0,True
84700,38.37,38.36,12.971572,77.594668,True,-0.066,-0.005,9.609,-0.853,0.918,-0.847,168.73,0,True
84800,39.5,39.13,12.971682,77.594662,True,-0.192,-0.294,9.671,0.135,0.213,-0.937,197.59,0,True
84900,41.97,41.94,12.971623,77.594609,True,-0.205,0.145,9.971,-0.614,-0.941,-0.954,151.17,0,True
85000,38.61,39.34,12.971523,77.594543,True,-0.103,-0.168,9.891,0.88,-0.465,-0.037,195.32,0,True
85100,39.39,39.5,12.971559,77.594649,True,-0.003,0.008,9.76,-0.614,-0.654,0.374,188.73,0,True
85200,39.12,38.91,12.971617,77.594653,True,-0.113,0.176,9.982,-0.024,0.766,-0.153,174.71,0,True
85300,41.26,41.51,12.971621,77.594586,True,0.04,-0.076,9.853,-0.871,-0.666,-0.932,151.14,0,True
85400,40.35,39.93,12.971665,77.594629,True,0.279,-0.089,9.612,-0.64,-0.355,0.582,135.77,0,True
85500,38.29,38.6,12.971574,77.594656,True,-0.227,-0.109,9.604,-0.342,-0.069,0.59,189.87,0,True
85600,40.25,40.02,12.97162,77.594605,True,-0.238,-0.133,9.843,0.767,0.72,-0.85,189.27,0,True
85700,39.69,40.2,12.971564,77.594564,True,-0.182,0.182,9.799,0.981,-0.158,-0.752,117.11,0,True
85800,39.31,39.07,12.971615,77.594557,True,0.086,0.214,9.995,0.823,-0.431,0.683,140.28,0,True
85900,41.58,42.42,12.971508,77.594629,True,-0.258,-0.243,9.921,0.447,-0.451,0.507,140.03,0,True
86000,40.23,39.85,12.971622,77.594579,True,0.118,-0.027,9.939,0.934,-0.757,-0.252,161.8,0,True
86100,38.12,37.21,12.971502,77.594521,True,-0.106,0.113,9.774,-0.66,-0.618,0.805,136.89,0,True
86200,41.61,42.59,12.971687,77.594674,True,-0.144,0.171,9.644,0.894,-0.85,-0.341,161.28,0,True
86300,41.25,40.79,12.971534,77.594528,True,-0.024,-0.224,9.945,0.506,0.776,0.932,141.33,0,True
86400,39.79,39.03,12.971606,77.594616,True,0.097,0.286,9.729,0.462,-0.548,-0.472,129.62,0,True
86500,38.33,38.45,12.971675,77.594632,True,0.141,-0.176,9.631,0.944,-0.879,-0.974,121.61,0,True
86600,41.27,40.65,12.971521,77.594542,True,0.054,0.017,9.943,0.521,-0.376,-0.092,115.4,0,True
86700,40.02,40.85,12.971544,77.594573,True,0.285,0.221,9.805,0.56,-0.624,-0.444,116.42,0,True
86800,39.23,39.97,12.97163,77.594529,True,0.226,0.147,9.696,0.788,-0.626,-0.943,166.19,0,True
86900,39.81,39.34,12.971685,77.594517,True,-0.041,-0.21,9.801,0.016,-0.894,-0.455,109.78,0,True
87000,40.59,41.06,12.971585,77.594559,True,-0.058,0.056,9.812,-0.013,-0.133,0.362,164.63,0,True
87100,41.84,41.28,12.971511,77.594507,True,-0.14,-0.26,9.64,-0.547,0.24,0.432,139.19,0,True
87200,38.41,38.87,12.971676,77.594554,True,-0.177,0.171,9.739,-0.424,0.193,0.468,109.42,0,True
87300,40.01,40.41,12.971595,77.594561,True,0.244,-0.157,9.726,-0.861,-0.625,0.8,114.18,0,True
87400,38.05,38.0,12.971567,77.594536,True,-0.142,-0.254,9.872,0.706,0.188,0.939,158.32,0,True
87500,39.95,39.45,12.971522,77.594664,True,0.04,0.294,9.934,0.051,-0.665,-0.707,109.39,0,True
87600,39.22,39.69,12.971591,77.594647,True,0.294,-0.146,9.795,-0.271,-0.973,-0.295,171.02,0,True
87700,41.57,42.11,12.971671,77.59468,True,0.057,-0.232,9.874,0.456,-0.959,0.957,185.63,0,True
87800,40.64,39.92,12.9716,77.594549,True,0.145,0.284,9.744,0.489,-0.612,0.91,163.87,0,True
87900,41.86,42.62,12.971636,77.59468,True,-0.03,0.275,9.811,-0.469,0.358,0.776,139.1,0,True
88000,39.67,40.66,12.971562,77.594508,True,0.012,-0.094,9.845,-0.133,-0.09,0.936,179.23,0,True
88100,39.15,40.09,12.9716,77.594637,True,-0.02,-0.21,9.987,0.248,0.329,-0.393,128.83,0,True
88200,41.2,40.23,12.971508,77.594557,True,0.056,-0.268,9.722,-0.139,0.321,-0.999,125.14,0,True
88300,39.4,38.97,12.971672,77.594633,True,0.161,-0.207,9.634,-0.459,0.992,-0.607,158.52,0,True
88400,38.32,37.76,12.971595,77.594571,True,0.187,0.082,9.769,0.934,-0.804,-0.477,130.2,0,True
88500,39.24,39.37,12.971636,77.594564,True,0.047,0.11,9.68,-0.729,0.109,-0.398,108.56,0,True
88600,40.27,40.52,12.971609,77.594575,True,0.226,-0.038,9.655,-0.116,-0.373,0.87,171.26,0,True
88700,39.87,39.73,12.971584,77.594582,True,-0.283,0.035,9.983,-0.158,0.512,0.23,130.24,0,True
88800,38.97,38.99,12.971525,77.594609,True,0.039,-0.124,9.902,-0.215,-0.194,-0.988,180.75,0,True
88900,41.5,41.42,12.971511,77.594511,True,0.198,0.09,9.733,-0.805,-0.419,-0.037,133.13,0,True
89000,38.24,38.72,12.971635,77.594648,True,-0.268,-0.177,9.658,0.481,-0.009,-0.553,167.57,0,True
89100,41.41,41.01,12.971562,77.594698,True,-0.296,-0.009,9.875,-0.771,-1.0,0.208,112.1,0,True
89200,38.39,37.8,12.971595,77.594667,True,-0.034,-0.267,9.649,-0.191,0.965,0.641,184.17,0,True
89300,40.19,40.83,12.971636,77.594672,True,0.07,-0.041,9.854,-0.63,0.637,0.315,117.08,0,True
89400,40.97,41.06,12.971595,77.594558,True,0.101,0.275,9.797,0.335,-0.218,0.395,110.73,0,True
89500,39.67,39.52,12.971506,77.594591,True,0.039,-0.293,9.721,0.29,0.786,0.24,104.26,0,True
89600,41.63,42.55,12.971594,77.594645,True,-0.134,0.289,9.743,0.712,0.006,-0.302,170.62,0,True
89700,39.56,38.69,12.971631,77.59457,True,0.132,-0.096,9.886,0.573,-0.443,0.525,130.29,0,True
89800,39.58,40.41,12.971629,77.594575,True,-0.017,0.095,9.83,0.855,0.551,0.051,112.94,0,True
89900,39.3,40.21,12.97157,77.594623,True,-0.058,-0.273,9.941,-0.682,-0.807,-0.788,193.42,0,True
90000,39.91,40.43,12.971696,77.594662,True,0.14,-0.158,9.96,-0.652,0.785,0.512,142.01,0,True
90100,38.26,38.48,12.971523,77.594669,True,-0.256,0.158,9.843,0.681,0.847,-0.358,169.87,0,True
90200,39.51,40.49,12.971615,77.59454,True,-0.149,-0.037,9.714,-0.598,-0.676,0.628,180.87,0,True
90300,38.77,38.93,12.971626,77.594634,True,-0.178,0.186,9.957,-0.281,-0.184,0.093,107.2,0,True
90400,38.74,39.2,12.971682,77.594628,True,-0.002,0.199,9.828,-0.053,-0.296,0.237,155.87,0,True
90500,38.55,37.69,12.971586,77.594575,True,-0.257,-0.253,9.913,-0.404,-0.764,-0.539,160.15,0,True
90600,39.32,38.77,12.971688,77.594684,True,-0.149,0.122,9.627,0.743,0.936,-0.85,157.54,0,True
90700,41.41,42.28,12.9716,77.59458,True,-0.266,0.119,9.644,-0.058,0.835,-0.474,103.0,0,True
90800,39.35,38.87,12.971567,77.594653,True,-0.216,0.028,9.894,0.848,0.327,0.757,123.56,0,True
90900,38.29,39.19,12.971681,77.594641,True,0.159,-0.279,9.992,0.9,0.196,0.225,108.06,0,True
91000,40.21,41.1,12.971554,77.594508,True,-0.279,0.005,9.86,-0.137,-0.393,0.7,197.15,0,True
91100,38.09,37.2,12.971655,77.594662,True,0.021,0.216,9.873,0.476,0.105,-0.896,176.57,0,True
91200,40.78,40.64,12.971585,77.594528,True,-0.037,0.238,9.993,-0.265,-0.613,-0.127,105.79,0,True
91300,38.93,39.11,12.971545,77.594649,True,0.233,0.176,9.827,0.982,-0.97,0.44,181.26,0,True
91400,38.31,37.56,12.971536,77.594509,True,-0.09,0.093,9.698,-0.415,0.212,-0.043,112.24,0,True
91500,38.31,37.81,12.971609,77.594599,True,0.141,-0.086,9.966,-0.559,0.426,0.883,178.02,0,True
91600,39.17,39.48,12.971605,77.594554,True,0.119,0.002,9.622,0.801,0.411,0.244,127.98,0,True
91700,38.81,38.09,12.971695,77.594546,True,0.145,-0.174,9.749,0.633,-0.716,0.956,169.83,0,True
91800,40.6,40.51,12.971523,77.5946,True,-0.28,-0.133,9.754,0.654,-0.831,-0.442,160.97,0,True
91900,39.98,40.71,12.971577,77.594509,True,-0.177,-0.189,9.772,-0.895,-0.39,0.083,134.78,0,True
92000,38.1,38.32,12.971679,77.594685,True,0.244,0.186,9.836,0.515,-0.318,0.658,143.41,0,True
92100,39.71,40.17,12.971647,77.594511,True,-0.234,-0.067,9.889,0.356,0.717,0.876,146.35,0,True
92200,40.29,40.43,12.971604,77.594533,True,-0.071,0.147,9.97,-0.736,-0.97,0.599,195.1,0,True
92300,38.34,37.84,12.971609,77.594568,True,-0.063,0.069,9.745,0.318,0.565,0.621,160.8,0,True
92400,38.5,38.63,12.971564,77.594553,True,-0.193,-0.022,9.776,-0.067,0.932,-0.04,184.43,0,True
92500,38.87,37.99,12.971688,77.594555,True,0.066,-0.112,9.626,-0.64,0.532,-0.448,186.91,0,True
92600,38.51,38.77,12.971529,77.594624,True,-0.27,-0.231,9.615,0.369,0.721,0.16,104.2,0,True
92700,40.87,39.99,12.971643,77.594552,True,-0.146,0.107,9.943,-0.293,0.437,0.201,134.97,0,True
92800,38.31,38.2,12.971602,77.594547,True,-0.105,-0.077,9.929,-0.168,0.284,0.752,114.31,0,True
92900,39.31,39.88,12.971567,77.594582,True,0.091,-0.018,9.989,0.244,-0.679,-0.911,193.03,0,True
93000,41.65,40.7,12.971622,77.594662,True,0.006,0.169,9.803,0.163,-0.312,-0.57,183.07,0,True
93100,38.13,38.58,12.971576,77.5947,True,-0.253,-0.254,9.974,-0.551,0.007,0.149,154.82,0,True
93200,39.67,40.14,12.97167,77.594606,True,-0.269,-0.017,9.81,-0.118,-0.462,0.672,129.31,0,True
93300,38.98,38.46,12.971654,77.594572,True,-0.027,0.149,9.646,-0.518,0.466,0.76,136.19,0,True
93400,39.41,39.42,12.971683,77.594631,True,0.063,-0.031,9.768,0.139,0.654,-0.749,153.76,0,True
93500,41.11,40.92,12.971617,77.594528,True,-0.144,-0.128,9.726,-0.837,-0.158,0.966,157.6,0,True
93600,40.53,41.08,12.97168,77.594675,True,-0.291,-0.228,9.705,0.109,0.86,0.486,112.64,0,True
93700,38.14,38.0,12.971638,77.594698,True,-0.221,0.22,9.967,0.809,-0.291,-0.195,155.69,0,True
93800,40.85,40.09,12.971679,77.59468,True,0.055,0.07,9.998,-0.91,0.477,-0.29,144.89,0,True
93900,39.64,39.54,12.971667,77.594558,True,-0.014,-0.219,9.673,0.532,0.833,0.873,108.38,0,True
94000,41.58,41.77,12.971574,77.59463,True,-0.072,-0.037,9.803,0.176,0.89,-0.806,129.73,0,True
94100,39.36,39.49,12.971679,77.594616,True,0.206,-0.044,9.729,-0.363,-0.643,-0.714,181.4,0,True
94200,40.94,41.92,12.971542,77.594604,True,0.045,0.069,9.64,-0.43,-0.763,-0.452,143.89,0,True
94300,41.54,41.12,12.971684,77.594698,True,0.152,0.255,9.867,-0.718,-0.586,0.678,175.49,0,True
94400,38.11,38.91,12.971692,77.594608,True,0.179,-0.296,9.933,-0.948,-0.594,0.884,157.12,0,True
94500,40.93,40.97,12.971666,77.594559,True,-0.234,0.124,9.938,-0.111,-0.135,-0.474,186.45,0,True
94600,41.97,42.44,12.971523,77.594571,True,-0.253,0.176,9.891,-0.346,0.014,-0.448,163.06,0,True
94700,40.05,40.61,12.971641,77.594563,True,0.255,-0.04,9.973,0.588,-0.365,0.683,166.11,0,True
94800,41.51,40.58,12.971627,77.594502,True,-0.218,-0.074,9.977,0.347,-0.469,-0.697,181.39,0,True
94900,40.93,40.5,12.97154,77.594675,True,0.27,0.214,9.9,-0.994,-0.865,0.115,120.85,0,True
95000,38.71,38.55,12.971553,77.594576,True,0.05,0.083,9.794,0.314,-0.64,-0.4,123.19,0,True
95100,39.17,39.14,12.971659,77.594578,True,-0.086,-0.011,9.639,-0.775,0.762,0.51,128.73,0,True
95200,41.88,41.53,12.971632,77.594523,True,-0.021,-0.109,9.645,0.394,0.41,0.547,148.37,0,True
95300,41.22,41.2,12.971582,77.594547,True,-0.125,0.004,9.956,0.566,-0.878,0.544,126.16,0,True
95400,39.27,39.05,12.971588,77.59458,True,0.247,-0.139,9.891,-0.32,0.637,-0.383,140.98,0,True
95500,40.29,39.62,12.971541,77.594625,True,0.269,0.068,9.732,0.21,-0.96,0.444,180.24,0,True
95600,38.36,38.77,12.971682,77.594653,True,0.032,0.093,9.807,-0.276,-0.603,-0.686,153.57,0,True
95700,41.44,40.9,12.97166,77.594682,True,-0.101,-0.171,9.893,0.88,-0.928,-0.96,194.04,0,True
95800,38.41,38.21,12.971597,77.594531,True,-0.119,-0.162,9.909,-0.505,-0.455,-0.753,178.41,0,True
95900,40.62,39.88,12.971648,77.594554,True,-0.249,-0.256,9.889,0.525,-0.169,-0.971,183.03,0,True
96000,40.42,39.72,12.971647,77.594659,True,-0.183,0.063,9.725,-0.353,0.025,-0.953,127.4,0,True
96100,38.81,38.34,12.971631,77.594594,True,-0.125,-0.244,9.987,0.122,-0.033,0.815,153.32,0,True
96200,38.98,38.01,12.971599,77.594579,True,-0.076,0.028,9.643,-0.552,0.95,-0.205,123.21,0,True
96300,39.48,39.61,12.971629,77.594566,True,0.186,0.285,9.638,-0.661,0.73,-0.02,125.0,0,True
96400,38.57,38.8,12.971595,77.594645,True,0.04,-0.161,9.907,-0.496,-0.377,-0.324,115.06,0,True
96500,39.29,39.42,12.971581,77.594501,True,0.114,0.153,9.918,0.091,-0.374,0.304,132.18,0,True
96600,40.84,40.86,12.971672,77.594699,True,-0.251,-0.237,9.88,-0.249,0.514,-0.676,174.81,0,True
96700,38.66,38.54,12.971694,77.594508,True,-0.045,-0.198,9.921,-0.026,0.498,0.094,139.94,0,True
96800,39.19,39.06,12.971559,77.594684,True,0.106,0.013,9.846,-0.257,0.3,-0.717,152.33,0,True
96900,38.82,39.05,12.971643,77.594604,True,-0.149,-0.022,9.974,0.854,0.44,0.705,113.53,0,True
97000,40.1,40.76,12.971502,77.594583,True,-0.21,-0.26,9.991,-0.376,-0.625,0.388,153.77,0,True
97100,39.32,38.45,12.971594,77.594531,True,-0.09,0.035,9.69,0.258,0.856,-0.451,182.08,0,True
97200,41.47,41.64,12.971561,77.594625,True,-0.058,-0.147,9.816,0.319,-0.845,-0.695,173.07,0,True
97300,39.12,38.65,12.97152,77.594659,True,0.052,0.16,9.732,0.544,0.184,-0.446,180.73,0,True
97400,41.49,41.82,12.971595,77.594534,True,0.17,0.293,9.637,0.607,-0.707,-0.67,187.46,0,True
97500,39.29,40.09,12.97151,77.594602,True,-0.036,0.099,9.731,0.001,-0.765,0.12,137.73,0,True
97600,39.54,39.49,12.971562,77.594604,True,0.018,0.23,9.937,0.911,0.891,0.667,171.13,0,True
97700,41.36,41.48,12.971598,77.594658,True,0.111,0.035,9.774,-0.304,-0.949,-0.269,146.61,0,True
97800,40.68,41.14,12.971543,77.594612,True,0.299,0.264,9.753,-0.642,0.495,-0.979,144.21,0,True
97900,40.1,39.12,12.971562,77.594519,True,-0.079,-0.148,9.969,0.214,-0.933,-0.45,147.87,0,True
98000,38.18,38.57,12.971551,77.594625,True,0.283,0.194,9.945,0.855,0.994,0.264,149.03,0,True
98100,39.89,40.64,12.97165,77.594661,True,-0.277,-0.283,9.958,-0.694,0.472,0.742,113.16,0,True
98200,39.68,40.37,12.971511,77.594627,True,-0.263,-0.242,9.818,0.967,-0.612,0.228,101.67,0,True
98300,41.35,42.05,12.971563,77.594642,True,0.243,0.052,9.978,0.033,0.881,-0.194,183.77,0,True
98400,40.68,39.81,12.971665,77.5946,True,0.137,-0.25,9.777,-0.449,-0.603,0.011,117.3,0,True
98500,40.99,41.66,12.971501,77.594555,True,-0.09,-0.095,9.827,0.393,0.132,-0.074,111.63,0,True
98600,38.36,38.82,12.971537,77.594618,True,0.279,0.16,9.915,-0.565,-0.251,-0.837,172.43,0,True
98700,38.99,39.66,12.971628,77.59468,True,-0.185,0.153,9.653,-0.893,0.412,-0.644,114.04,0,True
98800,39.26,38.71,12.971538,77.594677,True,-0.194,-0.123,9.879,-0.471,-0.02,0.157,134.89,0,True
98900,40.57,40.47,12.971626,77.594666,True,-0.278,0.201,9.754,0.076,-0.579,0.404,134.69,0,True
99000,41.24,41.84,12.971541,77.59464,True,0.002,0.198,9.918,-0.818,0.547,-0.484,146.77,0,True
99100,38.13,37.36,12.971632,77.594537,True,-0.216,0.052,9.749,-0.244,0.177,-0.932,170.13,0,True
99200,40.52,41.26,12.971502,77.594584,True,-0.099,0.089,9.64,0.826,-0.387,-0.066,118.62,0,True
99300,38.09,38.71,12.971591,77.594615,True,-0.039,-0.06,9.934,-0.495,-0.254,-0.324,167.86,0,True
99400,39.2,40.14,12.971675,77.594653,True,0.241,0.004,9.768,0.548,0.908,-0.198,102.86,0,True
99500,40.05,40.89,12.971677,77.594693,True,0.266,-0.181,9.989,0.504,-0.74,-0.334,195.99,0,True
99600,41.88,41.5,12.971653,77.59466,True,-0.025,-0.201,9.6,-0.705,0.766,-0.397,108.04,0,True
99700,38.94,38.35,12.971518,77.594549,True,0.111,0.207,9.75,-0.045,-0.311,-0.058,168.68,0,True
99800,40.8,41.62,12.971634,77.594666,True,0.124,0.158,9.638,-0.743,0.526,-0.733,177.33,0,True
99900,41.59,42.23,12.971646,77.594585,True,-0.064,-0.257,9.795,0.481,0.173,-0.557,160.85,0,True
